Workbook

Sheet JANEIRO 2025
N1: =SUBTOTAL(9,Tabela13891011121314[Match_Planilha]) -> 230480.79 | O1: =SUBTOTAL(9,Tabela13891011121314[Dif]) -> 0
A2: DT | B2: Data coleta | C2: Coluna1 | D2: Cliente/Fornecedor | E2: Local | F2: Numero NF | G2: Data canhoto | H2: Data recibo | I2: Valor recibo | J2: Scaner | K2: Drive-ANEXO | L2: status forms | M2: DATA LANÇAMENTO | N2: Match_Planilha | O2: Dif | P2: obs
A3: 19206445 | F3: 47486/47488/47487/47489/47485 | G3: 45653 | H3: 45653 | I3: 208 | J3: OK | L3: LANÇADO | M3: 45659 | N3: =Tabela13891011121314[[#This Row],[Valor recibo]] -> 208
A4: 19223330 | F4: 47834 | G4: 45656 | H4: 45656 | I4: 210 | J4: OK | L4: LANÇADO | M4: 45659 | N4: =Tabela13891011121314[[#This Row],[Valor recibo]] -> 210
A5: 19210921 | F5: 47647/47646 | G5: 45654 | H5: 45654 | I5: 338.8 | J5: OK | L5: LANÇADO | M5: 45659 | N5: =Tabela13891011121314[[#This Row],[Valor recibo]] -> 338.8
A6: 19228621 | F6: 48072/48070 | G6: 45657 | H6: 45657 | I6: 448 | J6: OK | L6: LANÇADO | M6: 45659 | N6: =Tabela13891011121314[[#This Row],[Valor recibo]] -> 448
A7: 19223335 | F7: 48040/48039/48037/48038 | G7: 45657 | H7: 45657 | I7: 420 | J7: OK | L7: LANÇADO | M7: 45659 | N7: =Tabela13891011121314[[#This Row],[Valor recibo]] -> 420
A8: 19229137 | F8: 47948/47947/47949 | G8: 45656 | H8: 45687 | I8: 224 | J8: OK | L8: LANÇADO | M8: 45659 | N8: =Tabela13891011121314[[#This Row],[Valor recibo]] -> 224
A9: 19223338 | F9: 48242 | G9: 45659 | H9: 45659 | I9: 420 | J9: OK | L9: LANÇADO | M9: 45659 | N9: =Tabela13891011121314[[#This Row],[Valor recibo]] -> 420
A10: 19223266 | F10: 48371 | G10: 45659 | H10: 45659 | I10: 210 | J10: OK | L10: LANÇADO | M10: 45659 | N10: =Tabela13891011121314[[#This Row],[Valor recibo]] -> 210
A11: 19222452 | F11: 48330/48329 | G11: 45659 | H11: 45659 | I11: 0 | J11: OK | N11: =Tabela13891011121314[[#This Row],[Valor recibo]] -> 0
A12: 19230296 | F12: 48312/48311/48310 | G12: 45659 | H12: 45659 | I12: 0 | J12: OK | N12: =Tabela13891011121314[[#This Row],[Valor recibo]] -> 0
A13: 19230316 | F13: 48267/48269/48268 | G13: 45659 | H13: 45659 | I13: 238 | J13: OK | L13: LANÇADO | M13: 45659 | N13: =Tabela13891011121314[[#This Row],[Valor recibo]] -> 238
A14: 19230340 | F14: 48298/48295/48296/48297 | G14: 45659 | H14: 45659 | I14: 238 | J14: OK | L14: LANÇADO | M14: 45659 | N14: =Tabela13891011121314[[#This Row],[Valor recibo]] -> 238
A15: 19223294 | F15: 48316/48315 | G15: 45659 | H15: 45659 | I15: 210 | J15: OK | L15: LANÇADO | M15: 45659 | N15: =Tabela13891011121314[[#This Row],[Valor recibo]] -> 210
A16: 19224723 | F16: 48293 | G16: 45659 | H16: 45659 | I16: 184.21 | J16: OK | L16: LANÇADO | M16: 45659 | N16: =Tabela13891011121314[[#This Row],[Valor recibo]] -> 184.21
A17: 19230403 | F17: 48328 | G17: 45659 | H17: 45659 | I17: 420 | J17: OK | L17: LANÇADO | M17: 45659 | N17: =Tabela13891011121314[[#This Row],[Valor recibo]] -> 420
A18: 19207019 | F18: 48362 | G18: 45659 | H18: 45659 | I18: 1589.84 | J18: OK | L18: LANÇADO | M18: 45660 | N18: =Tabela13891011121314[[#This Row],[Valor recibo]] -> 1589.84
A19: 19223318 | F19: 48313/48314/48304 | G19: 45659 | H19: 45659 | I19: 206.5 | J19: OK | L19: LANÇADO | M19: 45660 | N19: =Tabela13891011121314[[#This Row],[Valor recibo]] -> 206.5
A20: 19230402 | F20: 48257 | G20: 45659 | H20: 45659 | I20: 420 | J20: OK | L20: LANÇADO | M20: 45660 | N20: =Tabela13891011121314[[#This Row],[Valor recibo]] -> 420
A21: 19206416 | F21: 47986 | G21: 45656 | H21: 45656 | I21: 1492.94 | J21: OK | L21: LANÇADO | M21: 45660 | N21: =Tabela13891011121314[[#This Row],[Valor recibo]] -> 1492.94
A22: 19224462 | F22: 48275/277/266/278/276/270/274/271/265/273/272 | G22: 45657 | H22: 45657 | I22: 1021 | J22: OK | L22: LANÇADO | M22: 45660 | N22: =Tabela13891011121314[[#This Row],[Valor recibo]] -> 1021
A23: 19219239 | F23: 48448/48449 | G23: 45657 | H23: 45657 | I23: 0 | J23: OK | N23: =Tabela13891011121314[[#This Row],[Valor recibo]] -> 0
A24: 19230401 | F24: 48251/48252 | G24: 45660 | H24: 45659 | I24: 420 | J24: OK | L24: LANÇADO | M24: 45660 | N24: =Tabela13891011121314[[#This Row],[Valor recibo]] -> 420
A25: 19223307 | F25: 48202/48203/48204/48201 | G25: 45659 | H25: 45659 | I25: 420 | J25: OK | L25: LANÇADO | M25: 45660 | N25: =Tabela13891011121314[[#This Row],[Valor recibo]] -> 420
A26: 19223297 | F26: 48397 | G26: 45659 | H26: 45659 | I26: 195 | J26: OK | L26: LANÇADO | M26: 45660 | N26: =Tabela13891011121314[[#This Row],[Valor recibo]] -> 195
A27: 19223329 | F27: 48336 | G27: 45659 | H27: 45659 | I27: 210 | J27: OK | L27: LANÇADO | M27: 45660 | N27: =Tabela13891011121314[[#This Row],[Valor recibo]] -> 210
A28: 19230280 | F28: 48294/48300/48299/48301/48302 | G28: 45659 | H28: 45659 | I28: 238 | J28: OK | L28: LANÇADO | M28: 45660 | N28: =Tabela13891011121314[[#This Row],[Valor recibo]] -> 238
A29: 19207712 | F29: 47800 | G29: 45687 | H29: 45687 | I29: 210 | J29: OK | L29: LANÇADO | M29: 45660 | N29: =Tabela13891011121314[[#This Row],[Valor recibo]] -> 210
A30: 19247451 | F30: 48351/48353/48354/48355/356/357/358 | G30: 45659 | H30: 45659 | I30: 238 | J30: OK | L30: LANÇADO | M30: 45660 | N30: =Tabela13891011121314[[#This Row],[Valor recibo]] -> 238
A31: 19228719 | F31: 48317/48320 | G31: 45659 | H31: 45659 | I31: 476 | J31: OK | L31: LANÇADO | M31: 45660 | N31: =Tabela13891011121314[[#This Row],[Valor recibo]] -> 476
A32: 19233705 | F32: 48368/48363/48366/48367/48369 | G32: 45659 | H32: 45659 | I32: 221 | J32: OK | L32: LANÇADO | M32: 45660 | N32: =Tabela13891011121314[[#This Row],[Valor recibo]] -> 221
A33: 19248511 | F33: 48760//48761 | G33: 45660 | H33: 45660 | I33: 560 | J33: OK | L33: LANÇADO | M33: 45660 | N33: =Tabela13891011121314[[#This Row],[Valor recibo]] -> 560
A34: 19250733 | F34: 48777/48775/48774/48776 | G34: 45660 | H34: 45660 | I34: 730 | J34: OK | L34: LANÇADO | M34: 45660 | N34: =Tabela13891011121314[[#This Row],[Valor recibo]] -> 730
A35: 19184590 | F35: 48246/48245 | G35: 45659 | H35: 45659 | I35: 531.6 | J35: OK | L35: LANÇADO | M35: 45660 | N35: =Tabela13891011121314[[#This Row],[Valor recibo]] -> 531.6
A36: 19233774 | F36: 48778/48780/48779 | G36: 45660 | H36: 45660 | I36: 357 | J36: OK | L36: LANÇADO | M36: 45660 | N36: =Tabela13891011121314[[#This Row],[Valor recibo]] -> 357
A37: 19172777 | F37: 47010 | G37: 45660 | H37: 45660 | I37: 588.4 | J37: OK | L37: LANÇADO | M37: 45660 | N37: =Tabela13891011121314[[#This Row],[Valor recibo]] -> 588.4
A38: 19230384 | F38: 48384/48381/48382/48383 | G38: 45660 | H38: 45660 | I38: 0 | N38: =Tabela13891011121314[[#This Row],[Valor recibo]] -> 0
A39: 19248434 | F39: 48746/48747 | G39: 45660 | H39: 45660 | I39: 584.4 | J39: OK | L39: LANÇADO | M39: 45660 | N39: =Tabela13891011121314[[#This Row],[Valor recibo]] -> 584.4
A40: 19210916 | F40: 47616/47614 | G40: 45661 | H40: 45661 | I40: 476 | J40: OK | L40: LANÇADO | M40: 45663 | N40: =Tabela13891011121314[[#This Row],[Valor recibo]] -> 476
A41: 19206414 | F41: 47490 | G41: 45661 | H41: 45661 | I41: 1618.48 | J41: OK | L41: LANÇADO | M41: 45663 | N41: =Tabela13891011121314[[#This Row],[Valor recibo]] -> 1618.48
A42: 19233564 | F42: 48750/48752/48753/48754 | G42: 45660 | H42: 45660 | I42: 510 | J42: OK | L42: LANÇADO | M42: 45663 | N42: =Tabela13891011121314[[#This Row],[Valor recibo]] -> 510
A43: 19227812 | F43: 47827 | G43: 45656 | H43: 45656 | I43: 476 | J43: OK | L43: LANÇADO | M43: 45663 | N43: =Tabela13891011121314[[#This Row],[Valor recibo]] -> 476
A44: 19246681 | F44: 48873/48858 | G44: 45663 | H44: 45663 | I44: 476 | J44: OK | L44: LANÇADO | M44: 45663 | N44: =Tabela13891011121314[[#This Row],[Valor recibo]] -> 476
A45: 19230288 | F45: 48758/48757 | G45: 45660 | H45: 45660 | I45: 560 | J45: OK | L45: LANÇADO | M45: 45663 | N45: =Tabela13891011121314[[#This Row],[Valor recibo]] -> 560
A46: 19233750 | F46: 48762/48764/48763/48765 | G46: 45660 | H46: 45660 | I46: 1675 | J46: OK | L46: LANÇADO | M46: 45663 | N46: =Tabela13891011121314[[#This Row],[Valor recibo]] -> 1675
A47: 19249309 | F47: 48748/48749 | G47: 45659 | H47: 45659 | I47: 0 | J47: OK | N47: =Tabela13891011121314[[#This Row],[Valor recibo]] -> 0
A48: 19228574 | F48: 48733/48737/48731/48736/48734/48735/48732 | G48: 45660 | H48: 45660 | I48: 1138 | J48: OK | L48: LANÇADO | M48: 45663 | N48: =Tabela13891011121314[[#This Row],[Valor recibo]] -> 1138
A49: 19250741 | F49: 48719 | G49: 45660 | H49: 45660 | I49: 476 | J49: OK | L49: LANÇADO | M49: 45663 | N49: =Tabela13891011121314[[#This Row],[Valor recibo]] -> 476
A50: 19222490 | F50: 48741/48742/48743/48744/48745 | G50: 45660 | H50: 45660 | I50: 631.8 | J50: OK | L50: LANÇADO | M50: 45663 | N50: =Tabela13891011121314[[#This Row],[Valor recibo]] -> 631.8
A51: 19223256 | F51: 48727 | G51: 45660 | H51: 45660 | I51: 1738.84 | J51: OK | L51: LANÇADO | M51: 45663 | N51: =Tabela13891011121314[[#This Row],[Valor recibo]] -> 1738.84
A52: 19270507 | F52: 48930/48928 | G52: 45663 | H52: 45663 | I52: 557.2 | J52: OK | L52: LANÇADO | M52: 45663 | N52: =Tabela13891011121314[[#This Row],[Valor recibo]] -> 557.2
A53: 19270509 | F53: 48933/48932 | G53: 45663 | H53: 45663 | I53: 557.2 | J53: OK | L53: LANÇADO | M53: 45663 | N53: =Tabela13891011121314[[#This Row],[Valor recibo]] -> 557.2
A54: 19268319 | F54: 23194 | G54: 45663 | H54: 45663 | I54: 833 | J54: OK | L54: LANÇADO | M54: 45663 | N54: =Tabela13891011121314[[#This Row],[Valor recibo]] -> 833
A55: 19270506 | F55: 48927/48929 | G55: 45663 | H55: 45663 | I55: 557.2 | J55: OK | L55: LANÇADO | M55: 45663 | N55: =Tabela13891011121314[[#This Row],[Valor recibo]] -> 557.2
A56: 19270510 | F56: 48925/48931 | G56: 45663 | H56: 45663 | I56: 557.2 | J56: OK | L56: LANÇADO | M56: 45663 | N56: =Tabela13891011121314[[#This Row],[Valor recibo]] -> 557.2
A57: 19250658 | F57: 48841 | G57: 45663 | H57: 45663 | I57: 420 | J57: OK | L57: LANÇADO | M57: 45664 | N57: =Tabela13891011121314[[#This Row],[Valor recibo]] -> 420
A58: 19248466 | F58: 48851 | G58: 45663 | H58: 45663 | I58: 476 | J58: OK | L58: LANÇADO | M58: 45664 | N58: =Tabela13891011121314[[#This Row],[Valor recibo]] -> 476
A59: 19249660 | F59: 48878 | G59: 45663 | H59: 45663 | I59: 1331.14 | J59: OK | L59: LANÇADO | M59: 45664 | N59: =Tabela13891011121314[[#This Row],[Valor recibo]] -> 1331.14
A60: 19268321 | F60: 23178 | G60: 45664 | H60: 45664 | I60: 949 | J60: OK | L60: LANÇADO | M60: 45664 | N60: =Tabela13891011121314[[#This Row],[Valor recibo]] -> 949
A61: 19289833 | F61: 49089 | G61: 45664 | H61: 45664 | I61: 677.6 | J61: OK | L61: LANÇADO | M61: 45664 | N61: =Tabela13891011121314[[#This Row],[Valor recibo]] -> 677.6
A62: 19230348 | F62: 48334/48335/48324 | G62: 45663 | H62: 45663 | I62: 238 | J62: OK | L62: LANÇADO | M62: 45664 | N62: =Tabela13891011121314[[#This Row],[Valor recibo]] -> 238
A63: 19246747 | F63: 48825/48817 | G63: 45661 | H63: 45661 | I63: 238 | J63: OK | L63: LANÇADO | M63: 45664 | N63: =Tabela13891011121314[[#This Row],[Valor recibo]] -> 238
A64: 19270934 | F64: 23285 | G64: 45664 | H64: 45664 | I64: 285 | J64: OK | L64: LANÇADO | M64: 45664 | N64: =Tabela13891011121314[[#This Row],[Valor recibo]] -> 285
A65: 19250691 | F65: 49092/49091/49093 | G65: 45664 | H65: 45664 | I65: 702 | J65: OK | L65: LANÇADO | M65: 45664 | N65: =Tabela13891011121314[[#This Row],[Valor recibo]] -> 702
A66: 19270895 | F66: 48945/48946 | G66: 45664 | H66: 45664 | I66: 557.2 | J66: OK | L66: LANÇADO | M66: 45664 | N66: =Tabela13891011121314[[#This Row],[Valor recibo]] -> 557.2
A67: 19270894 | F67: 48944/48947 | G67: 45664 | H67: 45664 | I67: 557.2 | J67: OK | L67: LANÇADO | M67: 45665 | N67: =Tabela13891011121314[[#This Row],[Valor recibo]] -> 557.2
A68: 19270897 | F68: 49012/49015 | G68: 45664 | H68: 45664 | I68: 557.2 | J68: OK | L68: LANÇADO | M68: 45665 | N68: =Tabela13891011121314[[#This Row],[Valor recibo]] -> 557.2
A69: 19246658 | F69: 48816/48815 | G69: 45661 | H69: 45661 | I69: 238 | J69: OK | L69: LANÇADO | M69: 45665 | N69: =Tabela13891011121314[[#This Row],[Valor recibo]] -> 238
A70: 19233575 | F70: 48722/48723/48721 | G70: 45660 | H70: 45660 | I70: 238 | J70: OK | L70: LANÇADO | M70: 45665 | N70: =Tabela13891011121314[[#This Row],[Valor recibo]] -> 238
A71: 19223537 | F71: 22838/22839 | G71: 45664 | H71: 45664 | I71: 1217 | J71: OK | L71: LANÇADO | M71: 45665 | N71: =Tabela13891011121314[[#This Row],[Valor recibo]] -> 1217
A72: 19223538 | F72: 22852/22849 | G72: 45664 | H72: 45664 | I72: 1006 | J72: OK | L72: LANÇADO | M72: 45665 | N72: =Tabela13891011121314[[#This Row],[Valor recibo]] -> 1006
A73: 19290799 | F73: 49192/49191 | G73: 45665 | H73: 45665 | I73: 476 | J73: OK | L73: LANÇADO | M73: 45665 | N73: =Tabela13891011121314[[#This Row],[Valor recibo]] -> 476
A74: 19249661 | F74: 49059 | G74: 45664 | H74: 45664 | I74: 1484.5 | J74: OK | L74: LANÇADO | M74: 45665 | N74: =Tabela13891011121314[[#This Row],[Valor recibo]] -> 1484.5
A75: 19249290 | F75: 48714/48715/48716/48717 | G75: 45660 | H75: 45660 | I75: 0 | J75: OK | M75: 45665 | N75: =Tabela13891011121314[[#This Row],[Valor recibo]] -> 0
A76: 19297468 | F76: 49223/49222 | G76: 45665 | H76: 45665 | I76: 950 | J76: OK | L76: LANÇADO | M76: 45665 | N76: =Tabela13891011121314[[#This Row],[Valor recibo]] -> 950
A77: 19297474 | F77: 49225/49226 | G77: 45665 | H77: 45665 | I77: 950 | J77: OK | L77: LANÇADO | M77: 45665 | N77: =Tabela13891011121314[[#This Row],[Valor recibo]] -> 950
A78: 19298289 | F78: 49362 | G78: 45665 | H78: 45665 | I78: 950 | J78: OK | L78: LANÇADO | M78: 45665 | N78: =Tabela13891011121314[[#This Row],[Valor recibo]] -> 950
A79: 19289885 | F79: 49185 | G79: 45665 | H79: 45665 | I79: 420 | J79: OK | L79: LANÇADO | M79: 45665 | N79: =Tabela13891011121314[[#This Row],[Valor recibo]] -> 420
A80: 19290807 | F80: 49193/49194 | G80: 45665 | H80: 45665 | I80: 476 | J80: OK | L80: LANÇADO | M80: 45665 | N80: =Tabela13891011121314[[#This Row],[Valor recibo]] -> 476
A81: 19293372 | F81: 23333 | G81: 45665 | H81: 45665 | I81: 264 | J81: OK | L81: LANÇADO | M81: 45665 | N81: =Tabela13891011121314[[#This Row],[Valor recibo]] -> 264
A82: 19248108 | F82: 23015 | G82: 45665 | H82: 45665 | I82: 1222 | J82: OK | L82: LANÇADO | M82: 45665 | N82: =Tabela13891011121314[[#This Row],[Valor recibo]] -> 1222
A83: 19293370 | F83: 23327 | G83: 45665 | H83: 45665 | I83: 262 | J83: OK | L83: LANÇADO | M83: 45665 | N83: =Tabela13891011121314[[#This Row],[Valor recibo]] -> 262
A84: 19297535 | F84: 49232 | G84: 45665 | H84: 45665 | I84: 238 | J84: OK | L84: LANÇADO | M84: 45666 | N84: =Tabela13891011121314[[#This Row],[Valor recibo]] -> 238 | P84: Comprovei Ok
A85: 19249662 | F85: 49180 | G85: 45665 | H85: 45665 | I85: 1332.46 | J85: OK | L85: LANÇADO | M85: 45666 | N85: =Tabela13891011121314[[#This Row],[Valor recibo]] -> 1332.46 | P85: Comprovei Ok
A86: 19290429 | F86: 49119/120/110/116/113/112/109/108/121/111/114/115/118/117 | G86: 45665 | H86: 45665 | I86: 2305.6 | J86: OK | L86: LANÇADO | M86: 45666 | N86: =Tabela13891011121314[[#This Row],[Valor recibo]] -> 2305.6 | P86: Comprovei Ok
A87: 19248424 | F87: 48898/48899 | G87: 45661 | H87: 45661 | I87: 255 | J87: OK | L87: LANÇADO | M87: 45666 | N87: =Tabela13891011121314[[#This Row],[Valor recibo]] -> 255 | P87: Comprovei Ok
A88: 19249976 | F88: 49011/49013/49014 | G88: 45664 | H88: 45664 | I88: 585 | J88: OK | L88: LANÇADO | M88: 45666 | N88: =Tabela13891011121314[[#This Row],[Valor recibo]] -> 585 | P88: Comprovei Ok
A89: 19248639 | F89: 48827 | G89: 45661 | H89: 45661 | I89: 238 | J89: OK | L89: LANÇADO | M89: 45666 | N89: =Tabela13891011121314[[#This Row],[Valor recibo]] -> 238 | P89: Comprovei Ok
A90: 19246930 | F90: 48759/48755 | G90: 45661 | H90: 45661 | I90: 238 | J90: OK | L90: LANÇADO | M90: 45666 | N90: =Tabela13891011121314[[#This Row],[Valor recibo]] -> 238 | P90: Comprovei Ok
A91: 19292366 | F91: 49195/49196/49197/49198/49199 | G91: 45666 | H91: 45666 | I91: 0 | J91: OK | M91: 45666 | N91: =Tabela13891011121314[[#This Row],[Valor recibo]] -> 0 | P91: Comprovei Ok
A92: 19288805 | F92: 49218/49216 | G92: 45665 | H92: 45665 | I92: 374.4 | J92: OK | L92: LANÇADO | M92: 45666 | N92: =Tabela13891011121314[[#This Row],[Valor recibo]] -> 374.4 | P92: Comprovei Ok
A93: 19297384 | F93: 49488 | G93: 45666 | H93: 45666 | I93: 0 | J93: OK | M93: 45666 | N93: =Tabela13891011121314[[#This Row],[Valor recibo]] -> 0 | P93: Comprovei Ok
A94: 19293373 | F94: 23337 | G94: 45666 | H94: 45666 | I94: 248 | J94: OK | L94: LANÇADO | M94: 45666 | N94: =Tabela13891011121314[[#This Row],[Valor recibo]] -> 248 | P94: Comprovei Ok
A95: 19299128 | F95: 23340 | G95: 45666 | H95: 45666 | I95: 1728 | J95: OK | L95: LANÇADO | M95: 45666 | N95: =Tabela13891011121314[[#This Row],[Valor recibo]] -> 1728 | P95: Comprovei Ok
A96: 19293367 | F96: 23323 | G96: 45666 | H96: 45666 | I96: 265 | J96: OK | L96: LANÇADO | M96: 45666 | N96: =Tabela13891011121314[[#This Row],[Valor recibo]] -> 265 | P96: Comprovei Ok
A97: 19297382 | F97: 49363 | G97: 45666 | H97: 45666 | I97: 0 | J97: OK | M97: 45666 | N97: =Tabela13891011121314[[#This Row],[Valor recibo]] -> 0 | P97: Comprovei Ok
A98: 19297381 | F98: 49366 | G98: 45666 | H98: 45666 | I98: 0 | J98: OK | M98: 45666 | N98: =Tabela13891011121314[[#This Row],[Valor recibo]] -> 0 | P98: Comprovei Ok
A99: 19290808 | F99: 49509/49515 | G99: 45666 | H99: 45666 | I99: 476 | J99: OK | L99: LANÇADO | M99: 45666 | N99: =Tabela13891011121314[[#This Row],[Valor recibo]] -> 476 | P99: Comprovei Ok
A100: 19297383 | F100: 49367 | G100: 45666 | H100: 45666 | I100: 0 | J100: OK | M100: 45666 | N100: =Tabela13891011121314[[#This Row],[Valor recibo]] -> 0 | P100: Comprovei Ok
...

Sheet MAIO
N1: =SUBTOTAL(9,Tabela1345[Match_Planilha]) -> 0 | O1: =SUBTOTAL(9,O3:O654) -> 0
A2: DT | B2: Data coleta | C2: Motorista | D2: Cliente/Fornecedor | E2: Local | F2: Numero NF | G2: Data canhoto | H2: Data recibo | I2: Valor recibo | J2: Scaner | K2: Drive-ANEXO | L2: status forms | M2: Data lançamento | N2: Match_Planilha | O2: Dif | P2: obs
O648: =IFERROR(IF(L648="PENDENTE",-N648,I648-N648),0) -> 0
O649: =IFERROR(IF(L649="PENDENTE",-N649,I649-N649),0) -> 0
O650: =IFERROR(IF(L650="PENDENTE",-N650,I650-N650),0) -> 0
O651: =IFERROR(IF(L651="PENDENTE",-N651,I651-N651),0) -> 0
O652: =IFERROR(IF(L652="PENDENTE",-N652,I652-N652),0) -> 0
O653: =IFERROR(IF(L653="PENDENTE",-N653,I653-N653),0) -> 0
O654: =IFERROR(IF(L654="PENDENTE",-N654,I654-N654),0) -> 0

Sheet JUNHO
N1: =SUBTOTAL(9,Tabela13456[Match_Planilha]) -> 0 | O1: =SUBTOTAL(9,O3:O584) -> 0
A2: DT | B2: Data coleta | C2: Motorista | D2: Cliente/Fornecedor | E2: Local | F2: Numero NF | G2: Data canhoto | H2: Data recibo | I2: Valor recibo | J2: Scaner | K2: Drive-ANEXO | L2: status forms | M2: Data lançamento | N2: Match_Planilha | O2: Dif | P2: obs
O577: =IFERROR(I577-N577,0) -> 0
O578: =IFERROR(I578-N578,0) -> 0
O579: =IFERROR(I579-N579,0) -> 0
O580: =IFERROR(I580-N580,0) -> 0
O581: =IFERROR(I581-N581,0) -> 0
O582: =IFERROR(I582-N582,0) -> 0
O583: =IFERROR(I583-N583,0) -> 0
O584: =IFERROR(I584-N584,0) -> 0
A586: =IF(N586="","",N586)

Sheet JULHO
N1: =SUBTOTAL(9,Tabela138[Match_Planilha]) -> 0 | O1: =SUBTOTAL(9,O3:O606) -> 0
A2: DT | B2: Data coleta | C2: Motorista | D2: Cliente/Fornecedor | E2: Local | F2: Numero NF | G2: Data canhoto | H2: Data recibo | I2: Valor recibo | J2: Scaner | K2: Drive-ANEXO | L2: status forms | M2: DATA LANÇAMENTO | N2: Match_Planilha | O2: Dif | P2: obs
A3: 18031736 | B3: 45474 | C3: MARCOS CECILIO DE OLIVEIRA | O3: =IFERROR(I3-N3,0) -> 0
A4: 18046422 | B4: 45474 | C4: AROLDO VICENTE CORDEIRO | O4: =IFERROR(I4-N4,0) -> 0
A5: 18046433 | B5: 45474 | C5: RODRIGO NOGUEIRA | O5: =IFERROR(I5-N5,0) -> 0
A6: 18037660 | B6: 45474 | C6: WILSON MOREIRA DE GODOY | O6: =IFERROR(I6-N6,0) -> 0
A7: 18046437 | B7: 45474 | C7: MARIO ADRIANO SILVA | O7: =IFERROR(I7-N7,0) -> 0
A8: 18040209 | B8: 45474 | C8: CLAUDIO JOSE FERREIRA JUNIOR | O8: =IFERROR(I8-N8,0) -> 0
C581: =IF(#REF!="","",VLOOKUP(#REF!,'[1]Ativos Agregados'!#REF!,2,0)) -> #REF! | O581: =IFERROR(I581-N581,0) -> 0
C582: =IF(#REF!="","",VLOOKUP(#REF!,'[1]Ativos Agregados'!#REF!,2,0)) -> #REF! | O582: =IFERROR(I582-N582,0) -> 0
C583: =IF(#REF!="","",VLOOKUP(#REF!,'[1]Ativos Agregados'!#REF!,2,0)) -> #REF! | O583: =IFERROR(I583-N583,0) -> 0
C584: =IF(#REF!="","",VLOOKUP(#REF!,'[1]Ativos Agregados'!#REF!,2,0)) -> #REF! | O584: =IFERROR(I584-N584,0) -> 0
C585: =IF(#REF!="","",VLOOKUP(#REF!,'[1]Ativos Agregados'!#REF!,2,0)) -> #REF! | O585: =IFERROR(I585-N585,0) -> 0
C586: =IF(#REF!="","",VLOOKUP(#REF!,'[1]Ativos Agregados'!#REF!,2,0)) -> #REF! | O586: =IFERROR(I586-N586,0) -> 0
C587: =IF(#REF!="","",VLOOKUP(#REF!,'[1]Ativos Agregados'!#REF!,2,0)) -> #REF! | O587: =IFERROR(I587-N587,0) -> 0
C588: =IF(#REF!="","",VLOOKUP(#REF!,'[1]Ativos Agregados'!#REF!,2,0)) -> #REF! | O588: =IFERROR(I588-N588,0) -> 0
C589: =IF(#REF!="","",VLOOKUP(#REF!,'[1]Ativos Agregados'!#REF!,2,0)) -> #REF! | O589: =IFERROR(I589-N589,0) -> 0
C590: =IF(#REF!="","",VLOOKUP(#REF!,'[1]Ativos Agregados'!#REF!,2,0)) -> #REF! | O590: =IFERROR(I590-N590,0) -> 0
C591: =IF(#REF!="","",VLOOKUP(#REF!,'[1]Ativos Agregados'!#REF!,2,0)) -> #REF! | O591: =IFERROR(I591-N591,0) -> 0
C592: =IF(#REF!="","",VLOOKUP(#REF!,'[1]Ativos Agregados'!#REF!,2,0)) -> #REF! | O592: =IFERROR(I592-N592,0) -> 0
... C606: =IF(#REF!="","",VLOOKUP(#REF!,'[1]Ativos Agregados'!#REF!,2,0)) -> #REF! | O606: =IFERROR(I606-N606,0) -> 0

Sheet AGOSTO
N1: =SUBTOTAL(9,Tabela1389[Match_Planilha]) -> 0 | O1: =SUBTOTAL(9,O3:O604) -> 0
A2: DT | B2: Data coleta | C2: Motorista | D2: Cliente/Fornecedor | E2: Local | F2: Numero NF | G2: Data canhoto | H2: Data recibo | I2: Valor recibo | J2: Scaner | K2: Drive-ANEXO | L2: status forms | M2: DATA LANÇAMENTO | N2: Match_Planilha | O2: Dif | P2: obs

Sheet SETEMBRO
N1: =SUBTOTAL(9,Tabela138910[Match_Planilha]) -> 0 | O1: =SUBTOTAL(9,O3:O603) -> 0
A2: DT | B2: Data coleta | C2: Motorista | D2: Cliente/Fornecedor | E2: Local | F2: Numero NF | G2: Data canhoto | H2: Data recibo | I2: Valor recibo | J2: Scaner | K2: Drive-ANEXO | L2: status forms | M2: DATA LANÇAMENTO | N2: Match_Planilha | O2: Dif | P2: obs

Sheet OUTUBRO
N1: =SUBTOTAL(9,Tabela13891011[Match_Planilha]) -> 0 | O1: =SUBTOTAL(9,Tabela13891011[Dif]) -> 0
A2: DT | B2: Data coleta | C2: Motorista | D2: Cliente/Fornecedor | E2: Local | F2: Numero NF | G2: Data canhoto | H2: Data recibo | I2: Valor recibo | J2: Scaner | K2: Drive-ANEXO | L2: status forms | M2: DATA LANÇAMENTO | N2: Match_Planilha | O2: Dif | P2: obs
J600: OK | L600: LANÇADO

Sheet NOVEMBRO
N1: =SUBTOTAL(9,Tabela1389101112[Match_Planilha]) -> 0 | O1: =SUBTOTAL(9,Tabela1389101112[Dif]) -> 0
A2: DT | B2: Data coleta | C2: Motorista | D2: Cliente/Fornecedor | E2: Local | F2: Numero NF | G2: Data canhoto | H2: Data recibo | I2: Valor recibo | J2: Scaner | K2: Drive-ANEXO | L2: status forms | M2: DATA LANÇAMENTO | N2: Match_Planilha | O2: Dif | P2: obs

Sheet DEZEMBRO
N1: =SUBTOTAL(9,Tabela138910111213[Match_Planilha]) -> 0 | O1: =SUBTOTAL(9,Tabela138910111213[Dif]) -> 0
A2: DT | B2: Data coleta | C2: Motorista | D2: Cliente/Fornecedor | E2: Local | F2: Numero NF | G2: Data canhoto | H2: Data recibo | I2: Valor recibo | J2: Scaner | K2: Drive-ANEXO | L2: status forms | M2: DATA LANÇAMENTO | N2: Match_Planilha | O2: Dif | P2: obs
L440: PENDENTE | N440: =Tabela138910111213[[#This Row],[Valor recibo]] -> 0

Sheet FEVEREIRO 2025
N1: =SUBTOTAL(9,Tabela1389101112131415[Match_Planilha]) -> 33625.45 | O1: =SUBTOTAL(9,Tabela1389101112131415[Dif]) -> 0
A2: DT | B2: Data coleta | C2: Motorista | D2: Cliente/Fornecedor | E2: Local | F2: Numero NF | G2: Data canhoto | H2: Data recibo | I2: Valor recibo | J2: Scaner | K2: Drive-ANEXO | L2: status forms | M2: DATA LANÇAMENTO | N2: Match_Planilha | O2: Dif | P2: obs
A3: 19450071 | F3: 53239 | G3: 45691 | H3: 45691 | I3: 0 | J3: OK | L3: LANÇADO | M3: 45691 | N3: =Tabela1389101112131415[[#This Row],[Valor recibo]] -> 0 | P3: COMPROVEI OK
A4: 19390987 | F4: 51778 | G4: 45681 | H4: 45712 | I4: 532 | J4: OK | L4: LANÇADO | M4: 45691 | N4: =Tabela1389101112131415[[#This Row],[Valor recibo]] -> 532 | P4: COMPROVEI OK
A5: 19443170 | F5: 52908 | G5: 45688 | H5: 45688 | I5: 476 | J5: OK | L5: LANÇADO | M5: 45691 | N5: =Tabela1389101112131415[[#This Row],[Valor recibo]] -> 476 | P5: COMPROVEI OK
A6: 19441830 | F6: 53401/53284 | G6: 45691 | H6: 45691 | I6: 442 | J6: OK | L6: LANÇADO | M6: 45691 | N6: =Tabela1389101112131415[[#This Row],[Valor recibo]] -> 442 | P6: COMPROVEI OK
A7: 19448927 | F7: 53238 | G7: 45689 | H7: 45689 | I7: 476 | J7: OK | L7: LANÇADO | M7: 45691 | N7: =Tabela1389101112131415[[#This Row],[Valor recibo]] -> 476 | P7: COMPROVEI OK
A8: 19443972 | F8: 24714/24715/24713/24716 | G8: 45688 | H8: 45688 | I8: 1645 | J8: OK | L8: LANÇADO | M8: 45691 | N8: =Tabela1389101112131415[[#This Row],[Valor recibo]] -> 1645 | P8: COMPROVEI OK
A9: 19405481 | F9: 53231 | G9: 45689 | H9: 45689 | I9: 0 | J9: OK | L9: LANÇADO | M9: 45691 | N9: =Tabela1389101112131415[[#This Row],[Valor recibo]] -> 0 | P9: COMPROVEI OK
A10: 19427603 | F10: 52432/52431 | G10: 45686 | H10: 45686 | I10: 476 | J10: OK | L10: LANÇADO | M10: 45691 | N10: =Tabela1389101112131415[[#This Row],[Valor recibo]] -> 476 | P10: COMPROVEI OK
A11: 19429660 | F11: 52983 | G11: 45688 | H11: 45688 | I11: 476 | J11: OK | L11: LANÇADO | M11: 45691 | N11: =Tabela1389101112131415[[#This Row],[Valor recibo]] -> 476 | P11: COMPROVEI OK
A12: 19434342 | F12: 52962/52961/52969 | G12: 45688 | H12: 45688 | I12: 238 | J12: OK | L12: LANÇADO | M12: 45691 | N12: =Tabela1389101112131415[[#This Row],[Valor recibo]] -> 238 | P12: COMPROVEI OK
A13: 19432719 | F13: 52822 | G13: 45688 | H13: 45688 | I13: 1485.8 | J13: OK | L13: LANÇADO | M13: 45691 | N13: =Tabela1389101112131415[[#This Row],[Valor recibo]] -> 1485.8 | P13: COMPROVEI OK
A14: 19432500 | F14: 53026 | G14: 45688 | H14: 45688 | I14: 420 | J14: OK | L14: LANÇADO | M14: 45691 | N14: =Tabela1389101112131415[[#This Row],[Valor recibo]] -> 420 | P14: COMPROVEI OK
A15: 19444201 | F15: 24781 | G15: 45688 | H15: 45688 | I15: 489 | J15: OK | L15: LANÇADO | M15: 45691 | N15: =Tabela1389101112131415[[#This Row],[Valor recibo]] -> 489 | P15: COMPROVEI OK
A16: 19444686 | F16: 52843 | G16: 45688 | H16: 45688 | I16: 476 | J16: OK | L16: LANÇADO | M16: 45691 | N16: =Tabela1389101112131415[[#This Row],[Valor recibo]] -> 476 | P16: COMPROVEI OK
A17: 19442074 | F17: 53046 | G17: 45688 | H17: 45688 | I17: 476 | J17: OK | L17: LANÇADO | M17: 45691 | N17: =Tabela1389101112131415[[#This Row],[Valor recibo]] -> 476 | P17: COMPROVEI OK
A18: 19444707 | F18: 53233 | G18: 45689 | H18: 45689 | I18: 476 | J18: OK | L18: LANÇADO | M18: 45691 | N18: =Tabela1389101112131415[[#This Row],[Valor recibo]] -> 476 | P18: COMPROVEI OK
A19: 19448928 | F19: 53256 | G19: 45689 | H19: 45689 | I19: 476 | J19: OK | L19: LANÇADO | M19: 45691 | N19: =Tabela1389101112131415[[#This Row],[Valor recibo]] -> 476 | P19: COMPROVEI OK
A20: 19429669 | F20: 52861 | G20: 45688 | H20: 45688 | I20: 476 | J20: OK | L20: LANÇADO | M20: 45691 | N20: =Tabela1389101112131415[[#This Row],[Valor recibo]] -> 476 | P20: PENDENTE
A21: 19444202 | F21: 24763 | G21: 45689 | H21: 45689 | I21: 864 | J21: OK | L21: LANÇADO | M21: 45691 | N21: =Tabela1389101112131415[[#This Row],[Valor recibo]] -> 864 | P21: COMPROVEI OK
A22: 19449915 | F22: 53252 | G22: 45689 | H22: 45689 | I22: 0 | J22: OK | L22: LANÇADO | M22: 45691 | N22: =Tabela1389101112131415[[#This Row],[Valor recibo]] -> 0 | P22: COMPROVEI OK
A23: 19449912 | F23: 53242/53243 | G23: 45689 | H23: 45689 | I23: 0 | J23: OK | L23: LANÇADO | M23: 45691 | N23: =Tabela1389101112131415[[#This Row],[Valor recibo]] -> 0 | P23: COMPROVEI OK
A24: 19448925 | F24: 53235 | G24: 45689 | H24: 45689 | I24: 476 | J24: OK | L24: LANÇADO | M24: 45691 | N24: =Tabela1389101112131415[[#This Row],[Valor recibo]] -> 476 | P24: COMPROVEI OK
A25: 19429396 | F25: 53453/53443 | G25: 45691 | H25: 45691 | I25: 476 | J25: OK | L25: LANÇADO | M25: 45691 | N25: =Tabela1389101112131415[[#This Row],[Valor recibo]] -> 476 | P25: COMPROVEI OK
A26: 19405482 | F26: 53419/53412 | G26: 45691 | H26: 45691 | I26: 0 | J26: OK | L26: LANÇADO | M26: 45691 | N26: =Tabela1389101112131415[[#This Row],[Valor recibo]] -> 0 | P26: COMPROVEI OK
A27: 19436253 | F27: 53266/53265/53386 | G27: 45691 | H27: 45691 | I27: 238 | J27: OK | L27: LANÇADO | M27: 45691 | N27: =Tabela1389101112131415[[#This Row],[Valor recibo]] -> 238 | P27: COMPROVEI OK
A28: 19443508 | F28: 52972/52973/52971 | G28: 45688 | H28: 45688 | I28: 1687.5 | J28: OK | L28: LANÇADO | M28: 45691 | N28: =Tabela1389101112131415[[#This Row],[Valor recibo]] -> 1687.5 | P28: COMPROVEI OK
A29: 19444455 | F29: 53496/53495 | G29: 45691 | H29: 45691 | I29: 476 | J29: OK | L29: LANÇADO | M29: 45691 | N29: =Tabela1389101112131415[[#This Row],[Valor recibo]] -> 476 | P29: PENDENTE
A30: 19427692 | F30: 53364/53410/53363 | G30: 45691 | H30: 45691 | I30: 476 | J30: OK | L30: LANÇADO | M30: 45691 | N30: =Tabela1389101112131415[[#This Row],[Valor recibo]] -> 476 | P30: COMPROVEI OK
A31: 19444452 | F31: 53437/53436 | G31: 45691 | H31: 45691 | I31: 476 | J31: OK | L31: LANÇADO | M31: 45691 | N31: =Tabela1389101112131415[[#This Row],[Valor recibo]] -> 476 | P31: COMPROVEI OK
A32: 19428102 | F32: 53483/53482/53484 | G32: 45691 | H32: 45691 | I32: 476 | J32: OK | L32: LANÇADO | M32: 45692 | N32: =Tabela1389101112131415[[#This Row],[Valor recibo]] -> 476 | P32: COMPROVEI OK
A33: 19444451 | F33: 53485/53486 | G33: 45692 | H33: 45692 | I33: 442 | J33: OK | L33: LANÇADO | M33: 45692 | N33: =Tabela1389101112131415[[#This Row],[Valor recibo]] -> 442 | P33: COMPROVEI OK
A34: 19429401 | F34: 53589/53588 | G34: 45692 | H34: 45692 | I34: 476 | J34: OK | L34: LANÇADO | M34: 45692 | N34: =Tabela1389101112131415[[#This Row],[Valor recibo]] -> 476 | P34: COMPROVEI OK
A35: 19433642 | F35: 52736/52734 | G35: 45687 | H35: 45687 | I35: 238 | J35: OK | L35: LANÇADO | M35: 45692 | N35: =Tabela1389101112131415[[#This Row],[Valor recibo]] -> 238 | P35: COMPROVEI OK
A36: 19429636 | F36: 53301/53234 | G36: 45691 | H36: 45691 | I36: 238 | J36: OK | L36: LANÇADO | M36: 45692 | N36: =Tabela1389101112131415[[#This Row],[Valor recibo]] -> 238 | P36: COMPROVEI OK
A37: 19409127 | F37: 52409 | G37: 45686 | H37: 45686 | I37: 221 | J37: OK | L37: LANÇADO | M37: 45692 | N37: =Tabela1389101112131415[[#This Row],[Valor recibo]] -> 221 | P37: COMPROVEI OK
A38: 19441831 | F38: 53286/53395 | G38: 45691 | H38: 45691 | I38: 476 | J38: OK | L38: LANÇADO | M38: 45692 | N38: =Tabela1389101112131415[[#This Row],[Valor recibo]] -> 476 | P38: COMPROVEI OK
A39: 19448912 | F39: 53494/53493 | G39: 45691 | H39: 45691 | I39: 476 | J39: OK | L39: LANÇADO | M39: 45692 | N39: =Tabela1389101112131415[[#This Row],[Valor recibo]] -> 476 | P39: COMPROVEI OK
A40: 19445107 | F40: 24855 | G40: 45691 | H40: 45691 | I40: 1680 | J40: OK | L40: LANÇADO | M40: 45692 | N40: =Tabela1389101112131415[[#This Row],[Valor recibo]] -> 1680 | P40: COMPROVEI OK
A41: 19432705 | F41: 53531/53537 | G41: 45692 | H41: 45692 | I41: 510 | J41: OK | L41: LANÇADO | M41: 45692 | N41: =Tabela1389101112131415[[#This Row],[Valor recibo]] -> 510 | P41: COMPROVEI OK
A42: 19429399 | F42: 53530/53529 | G42: 45692 | H42: 45692 | I42: 476 | J42: OK | L42: LANÇADO | M42: 45692 | N42: =Tabela1389101112131415[[#This Row],[Valor recibo]] -> 476 | P42: COMPROVEI OK
A43: 19444367 | F43: 53253/53380 | G43: 45689 | H43: 45689 | I43: 408 | J43: OK | L43: LANÇADO | M43: 45692 | N43: =Tabela1389101112131415[[#This Row],[Valor recibo]] -> 408 | P43: COMPROVEI OK
A44: 19444454 | F44: 53511/53510 | G44: 45691 | H44: 45691 | I44: 442 | J44: OK | L44: LANÇADO | M44: 45692 | N44: =Tabela1389101112131415[[#This Row],[Valor recibo]] -> 442 | P44: COMPROVEI OK
A45: 19433726 | F45: 53487 | G45: 45691 | H45: 45691 | I45: 1495.3 | J45: OK | L45: LANÇADO | M45: 45692 | N45: =Tabela1389101112131415[[#This Row],[Valor recibo]] -> 1495.3 | P45: COMPROVEI OK
A46: 19405483 | F46: 53287 | G46: 45691 | H46: 45691 | I46: 0 | J46: OK | L46: LANÇADO | M46: 45692 | N46: =Tabela1389101112131415[[#This Row],[Valor recibo]] -> 0 | P46: COMPROVEI OK
A47: 19433881 | F47: 53425/53424 | G47: 45691 | H47: 45691 | I47: 448 | J47: OK | L47: LANÇADO | M47: 45692 | N47: =Tabela1389101112131415[[#This Row],[Valor recibo]] -> 448 | P47: COMPROVEI OK
A48: 19444696 | F48: 52994 | G48: 45691 | H48: 45691 | I48: 459 | J48: OK | L48: LANÇADO | M48: 45692 | N48: =Tabela1389101112131415[[#This Row],[Valor recibo]] -> 459 | P48: COMPROVEI OK
A49: 19429647 | F49: 52657/52656 | G49: 45687 | H49: 45687 | I49: 238 | J49: OK | L49: LANÇADO | M49: 45692 | N49: =Tabela1389101112131415[[#This Row],[Valor recibo]] -> 238 | P49: COMPROVEI OK
A50: 19444706 | F50: 53250 | G50: 45689 | H50: 45689 | I50: 476 | J50: OK | L50: LANÇADO | M50: 45692 | N50: =Tabela1389101112131415[[#This Row],[Valor recibo]] -> 476 | P50: COMPROVEI OK
A51: 19398819 | F51: 53351 | G51: 45691 | H51: 45691 | I51: 0 | J51: OK | L51: LANÇADO | M51: 45692 | N51: =Tabela1389101112131415[[#This Row],[Valor recibo]] -> 0 | P51: COMPROVEI OK
A52: 19429400 | F52: 53586/53587 | G52: 45692 | H52: 45692 | I52: 476 | J52: OK | L52: LANÇADO | M52: 45692 | N52: =Tabela1389101112131415[[#This Row],[Valor recibo]] -> 476 | P52: COMPROVEI OK
A53: 19429630 | F53: 53171/53172 | G53: 45691 | H53: 45691 | I53: 204 | J53: OK | L53: LANÇADO | M53: 45692 | N53: =Tabela1389101112131415[[#This Row],[Valor recibo]] -> 204 | P53: COMPROVEI OK
A54: 19404603 | F54: 53573/53576 | G54: 45692 | H54: 45692 | I54: 583.8 | J54: OK | L54: LANÇADO | M54: 45692 | N54: =Tabela1389101112131415[[#This Row],[Valor recibo]] -> 583.8 | P54: COMPROVEI OK
A55: 19427866 | F55: 53522/53521 | G55: 45692 | H55: 45692 | I55: 583.8 | J55: OK | L55: LANÇADO | M55: 45692 | N55: =Tabela1389101112131415[[#This Row],[Valor recibo]] -> 583.8 | P55: COMPROVEI OK
A56: 19429419 | F56: 53439/53441/53440 | G56: 45691 | H56: 45691 | I56: 476 | J56: OK | L56: LANÇADO | M56: 45692 | N56: =Tabela1389101112131415[[#This Row],[Valor recibo]] -> 476 | P56: COMPROVEI OK
A57: 19398783 | F57: 52767/52768/52770/52766 | G57: 45687 | H57: 45687 | I57: 221 | J57: OK | L57: LANÇADO | M57: 45692 | N57: =Tabela1389101112131415[[#This Row],[Valor recibo]] -> 221 | P57: COMPROVEI OK
A58: 19409129 | F58: 52498 | G58: 45686 | H58: 45686 | I58: 238 | J58: OK | L58: LANÇADO | M58: 45692 | N58: =Tabela1389101112131415[[#This Row],[Valor recibo]] -> 238 | P58: COMPROVEI OK
A59: 19432686 | F59: 53668/53669 | G59: 45693 | H59: 45693 | I59: 583.8 | L59: PENDENTE | N59: =Tabela1389101112131415[[#This Row],[Valor recibo]] -> 583.8
A60: 19427571 | F60: 53710/53711/53709 | G60: 45693 | H60: 45693 | I60: 583.8 | L60: PENDENTE | N60: =Tabela1389101112131415[[#This Row],[Valor recibo]] -> 583.8
A61: 19455438 | F61: 53534/53539/53533 | G61: 45692 | H61: 45692 | I61: 238 | L61: PENDENTE | N61: =Tabela1389101112131415[[#This Row],[Valor recibo]] -> 238
A62: 19453282 | F62: 53564/53565 | G62: 45692 | H62: 45692 | I62: 476 | L62: PENDENTE | N62: =Tabela1389101112131415[[#This Row],[Valor recibo]] -> 476
A63: 19432717 | F63: 53601/53610/53602 | G63: 45692 | H63: 45692 | I63: 476 | L63: PENDENTE | N63: =Tabela1389101112131415[[#This Row],[Valor recibo]] -> 476
A64: 19398042 | F64: 53639/53638/53640 | G64: 45692 | H64: 45692 | I64: 238 | L64: PENDENTE | N64: =Tabela1389101112131415[[#This Row],[Valor recibo]] -> 238
A65: 19436237 | F65: 53629/53630/53628/53631/53626 | G65: 45692 | H65: 45692 | I65: 476 | L65: PENDENTE | N65: =Tabela1389101112131415[[#This Row],[Valor recibo]] -> 476
A66: 19298924 | F66: 50790/50785/50791/50789/50788/50786/50792/52787 | G66: 45692 | H66: 45692 | I66: 2438.65 | L66: PENDENTE | N66: =Tabela1389101112131415[[#This Row],[Valor recibo]] -> 2438.65
A67: 19398665 | F67: 52733/53735 | G67: 45687 | H67: 45687 | I67: 238 | L67: PENDENTE | N67: =Tabela1389101112131415[[#This Row],[Valor recibo]] -> 238
A68: 19436303 | F68: 53249 | G68: 45692 | H68: 45692 | I68: 238 | L68: PENDENTE | N68: =Tabela1389101112131415[[#This Row],[Valor recibo]] -> 238
A69: 19432715 | F69: 53604/53603/53627 | G69: 45692 | H69: 45692 | I69: 476 | L69: PENDENTE | N69: =Tabela1389101112131415[[#This Row],[Valor recibo]] -> 476
L70: PENDENTE | N70: =Tabela1389101112131415[[#This Row],[Valor recibo]] -> 0
L71: PENDENTE | N71: =Tabela1389101112131415[[#This Row],[Valor recibo]] -> 0
L72: PENDENTE | N72: =Tabela1389101112131415[[#This Row],[Valor recibo]] -> 0
L73: PENDENTE | N73: =Tabela1389101112131415[[#This Row],[Valor recibo]] -> 0
L74: PENDENTE | N74: =Tabela1389101112131415[[#This Row],[Valor recibo]] -> 0
L75: PENDENTE | N75: =Tabela1389101112131415[[#This Row],[Valor recibo]] -> 0
L76: PENDENTE | N76: =Tabela1389101112131415[[#This Row],[Valor recibo]] -> 0
L77: PENDENTE | N77: =Tabela1389101112131415[[#This Row],[Valor recibo]] -> 0
L78: PENDENTE | N78: =Tabela1389101112131415[[#This Row],[Valor recibo]] -> 0
L79: PENDENTE | N79: =Tabela1389101112131415[[#This Row],[Valor recibo]] -> 0
L80: PENDENTE | N80: =Tabela1389101112131415[[#This Row],[Valor recibo]] -> 0
L81: PENDENTE | N81: =Tabela1389101112131415[[#This Row],[Valor recibo]] -> 0
... L464: PENDENTE | N464: =Tabela1389101112131415[[#This Row],[Valor recibo]] -> 0
C465: =IF(#REF!="","",VLOOKUP(#REF!,'[1]Ativos Agregados'!#REF!,2,0)) -> #REF! | L465: PENDENTE | N465: =Tabela1389101112131415[[#This Row],[Valor recibo]] -> 0
C466: =IF(#REF!="","",VLOOKUP(#REF!,'[1]Ativos Agregados'!#REF!,2,0)) -> #REF! | L466: PENDENTE | N466: =Tabela1389101112131415[[#This Row],[Valor recibo]] -> 0
C467: =IF(#REF!="","",VLOOKUP(#REF!,'[1]Ativos Agregados'!#REF!,2,0)) -> #REF! | L467: PENDENTE | N467: =Tabela1389101112131415[[#This Row],[Valor recibo]] -> 0
C468: =IF(#REF!="","",VLOOKUP(#REF!,'[1]Ativos Agregados'!#REF!,2,0)) -> #REF! | L468: PENDENTE | N468: =Tabela1389101112131415[[#This Row],[Valor recibo]] -> 0
C469: =IF(#REF!="","",VLOOKUP(#REF!,'[1]Ativos Agregados'!#REF!,2,0)) -> #REF! | L469: PENDENTE | N469: =Tabela1389101112131415[[#This Row],[Valor recibo]] -> 0
C470: =IF(#REF!="","",VLOOKUP(#REF!,'[1]Ativos Agregados'!#REF!,2,0)) -> #REF! | L470: PENDENTE | N470: =Tabela1389101112131415[[#This Row],[Valor recibo]] -> 0
C471: =IF(#REF!="","",VLOOKUP(#REF!,'[1]Ativos Agregados'!#REF!,2,0)) -> #REF! | L471: PENDENTE | N471: =Tabela1389101112131415[[#This Row],[Valor recibo]] -> 0
C472: =IF(#REF!="","",VLOOKUP(#REF!,'[1]Ativos Agregados'!#REF!,2,0)) -> #REF! | L472: PENDENTE | N472: =Tabela1389101112131415[[#This Row],[Valor recibo]] -> 0
C473: =IF(#REF!="","",VLOOKUP(#REF!,'[1]Ativos Agregados'!#REF!,2,0)) -> #REF! | L473: PENDENTE | N473: =Tabela1389101112131415[[#This Row],[Valor recibo]] -> 0
C474: =IF(#REF!="","",VLOOKUP(#REF!,'[1]Ativos Agregados'!#REF!,2,0)) -> #REF! | L474: PENDENTE | N474: =Tabela1389101112131415[[#This Row],[Valor recibo]] -> 0
C475: =IF(#REF!="","",VLOOKUP(#REF!,'[1]Ativos Agregados'!#REF!,2,0)) -> #REF! | L475: PENDENTE | N475: =Tabela1389101112131415[[#This Row],[Valor recibo]] -> 0
C476: =IF(#REF!="","",VLOOKUP(#REF!,'[1]Ativos Agregados'!#REF!,2,0)) -> #REF! | L476: PENDENTE | N476: =Tabela1389101112131415[[#This Row],[Valor recibo]] -> 0
C477: =IF(#REF!="","",VLOOKUP(#REF!,'[1]Ativos Agregados'!#REF!,2,0)) -> #REF! | N477: =Tabela1389101112131415[[#This Row],[Valor recibo]] -> 0
C478: =IF(#REF!="","",VLOOKUP(#REF!,'[1]Ativos Agregados'!#REF!,2,0)) -> #REF! | N478: =Tabela1389101112131415[[#This Row],[Valor recibo]] -> 0
C479: =IF(#REF!="","",VLOOKUP(#REF!,'[1]Ativos Agregados'!#REF!,2,0)) -> #REF! | N479: =Tabela1389101112131415[[#This Row],[Valor recibo]] -> 0
C480: =IF(#REF!="","",VLOOKUP(#REF!,'[1]Ativos Agregados'!#REF!,2,0)) -> #REF! | N480: =Tabela1389101112131415[[#This Row],[Valor recibo]] -> 0
C481: =IF(#REF!="","",VLOOKUP(#REF!,'[1]Ativos Agregados'!#REF!,2,0)) -> #REF! | N481: =Tabela1389101112131415[[#This Row],[Valor recibo]] -> 0
C482: =IF(#REF!="","",VLOOKUP(#REF!,'[1]Ativos Agregados'!#REF!,2,0)) -> #REF! | N482: =Tabela1389101112131415[[#This Row],[Valor recibo]] -> 0

Sheet JANEIRO 2026
A1: forms | D1: forms | E1: forms | K1: =SUBTOTAL(9,Tabela1316[Valor_recibo]) -> 35163.73 | M1: =SUBTOTAL(9,Tabela1316[Valor_recibo]) -> 35163.73 | P1: =SUBTOTAL(9,Tabela1316[Match_Planilha]) -> 33659.73 | Q1: =SUBTOTAL(9,Q3:Q559) -> 0 | T1: =SUBTOTAL(9,T3:T194) -> 0 | U1: PEDAGIO | X1: forms
A2: DT | B2: Data coleta | C2: Motorista | D2: VEICULO | E2: EIXO | F2: Cliente/Fornecedor | G2: Local | H2: Numero NF | I2: Data canhoto | J2: Data recibo | K2: Valor_recibo | L2: Scaner | M2: APROVAÇÃO_SUZANO | N2: status forms | O2: Data lançamento | P2: Match_Planilha | Q2: Dif | R2: DTS APROVADAS | S2: CTE COMPLEMENTAR | T2: VALOR | U2: STATUS REC CLIENTE | V2: DATA LANÇAMENTO2 | W2: Forms Pedagio | X2: valor | Y2: Data lançamento | Z2: obs
A3: 22215673 | B3: 46024 | C3: SEVERINO JOSE DA SILVA | D3: =VLOOKUP(Tabela1316[[#This Row],[Motorista]],Planilha1!A:C,3,0) -> CARRETA | E3: =IF(Tabela1316[[#This Row],[VEICULO]]="CARRETA",5,IF(Tabela1316[[#This Row],[VEICULO]]="TRUCK BAU",3,0)) -> 5 | G3: CAJAMAR | H3: 150151 | I3: 46034 | J3: 46034 | K3: 532 | L3: OK | M3: PENDENTE | N3: LANÇADO | O3: 46036 | P3: =Tabela1316[[#This Row],[Valor_recibo]] -> 532 | R3: =VLOOKUP(#REF!,[2]Aprovados!A:A,1,0) -> #REF! | U3: PENDENTE | W3: LANÇADO | X3: 289.5 | Y3: 46024
A4: 22215879 | B4: 46024 | C4: LEONARDO BADESKI | D4: =VLOOKUP(Tabela1316[[#This Row],[Motorista]],Planilha1!A:C,3,0) -> CARRETA | E4: =IF(Tabela1316[[#This Row],[VEICULO]]="CARRETA",5,IF(Tabela1316[[#This Row],[VEICULO]]="TRUCK BAU",3,0)) -> 5 | G4: CAJAMAR | H4: 150333 | I4: 46025 | J4: 46025 | K4: 532 | L4: OK | M4: PENDENTE | N4: LANÇADO | O4: 46029 | P4: =Tabela1316[[#This Row],[Valor_recibo]] -> 532 | R4: =VLOOKUP(#REF!,[2]Aprovados!A:A,1,0) -> #REF! | U4: PENDENTE | W4: LANÇADO | X4: 289.5 | Y4: 46024
A5: 22219964 | B5: 46024 | C5: MARIO ADRIANO SILVA | D5: =VLOOKUP(Tabela1316[[#This Row],[Motorista]],Planilha1!A:C,3,0) -> CARRETA | E5: =IF(Tabela1316[[#This Row],[VEICULO]]="CARRETA",5,IF(Tabela1316[[#This Row],[VEICULO]]="TRUCK BAU",3,0)) -> 5 | G5: SUMARE | H5: 150155/150156/150157/150158/150159/150160/150161/150162/150163/150164/150165/150166/150167 | I5: 46025 | J5: 46025 | K5: 2000 | L5: OK | M5: PENDENTE | N5: LANÇADO | O5: 46029 | P5: =Tabela1316[[#This Row],[Valor_recibo]] -> 2000 | R5: =VLOOKUP(#REF!,[2]Aprovados!A:A,1,0) -> #REF! | U5: PENDENTE | W5: LANÇADO | X5: 331.5 | Y5: 46024
A6: 22215635 | B6: 46024 | C6: LOURENÇO MALAFAIA | D6: =VLOOKUP(Tabela1316[[#This Row],[Motorista]],Planilha1!A:C,3,0) -> CARRETA | E6: =IF(Tabela1316[[#This Row],[VEICULO]]="CARRETA",5,IF(Tabela1316[[#This Row],[VEICULO]]="TRUCK BAU",3,0)) -> 5 | G6: CAJAMAR | H6: 52171 | I6: 46025 | J6: 46025 | K6: 532 | L6: OK | M6: PENDENTE | N6: LANÇADO | O6: 46029 | P6: =Tabela1316[[#This Row],[Valor_recibo]] -> 532 | R6: =VLOOKUP(#REF!,[2]Aprovados!A:A,1,0) -> #REF! | U6: PENDENTE | W6: LANÇADO | X6: 289.5 | Y6: 46024
A7: 22248452 | B7: 46024 | C7: DANILO JUSTINO MENDES | D7: =VLOOKUP(Tabela1316[[#This Row],[Motorista]],Planilha1!A:C,3,0) -> TRUCK BAU | E7: =IF(Tabela1316[[#This Row],[VEICULO]]="CARRETA",5,IF(Tabela1316[[#This Row],[VEICULO]]="TRUCK BAU",3,0)) -> 3 | G7: SAO PAULO | H7: 151060/151061/151062/151063/151064/151065 | I7: 46028 | J7: 46028 | K7: 199.07 | L7: OK | M7: PENDENTE | N7: LANÇADO | O7: 46034 | P7: =Tabela1316[[#This Row],[Valor_recibo]] -> 199.07 | R7: =VLOOKUP(#REF!,[2]Aprovados!A:A,1,0) -> #REF! | U7: PENDENTE | W7: LANÇADO | X7: 47.4 | Y7: 46024
A8: 22226880 | B8: 46024 | C8: IVAN RODRIGUES | D8: =VLOOKUP(Tabela1316[[#This Row],[Motorista]],Planilha1!A:C,3,0) -> CARRETA | E8: =IF(Tabela1316[[#This Row],[VEICULO]]="CARRETA",5,IF(Tabela1316[[#This Row],[VEICULO]]="TRUCK BAU",3,0)) -> 5 | G8: MOGI DAS CRUZES | M8: PENDENTE | N8: PENDENTE | P8: =Tabela1316[[#This Row],[Valor_recibo]] -> 0 | R8: =VLOOKUP(#REF!,[2]Aprovados!A:A,1,0) -> #REF! | U8: PENDENTE | W8: LANÇADO | X8: 70.74 | Y8: 46024
A9: 22205018 | B9: 46025 | C9: EVANDRO DE ROSSI | D9: =VLOOKUP(Tabela1316[[#This Row],[Motorista]],Planilha1!A:C,3,0) -> CARRETA | E9: =IF(Tabela1316[[#This Row],[VEICULO]]="CARRETA",5,IF(Tabela1316[[#This Row],[VEICULO]]="TRUCK BAU",3,0)) -> 5 | G9: CAJAMAR | H9: 148773/148774/148775 | I9: 46026 | J9: 46026 | K9: 0 | L9: OK | O9: 46029 | P9: =Tabela1316[[#This Row],[Valor_recibo]] -> 0 | R9: =VLOOKUP(#REF!,[2]Aprovados!A:A,1,0) -> #REF! | U9: PENDENTE | W9: LANÇADO | X9: 289.5 | Y9: 46024
A10: 22248916 | B10: 46026 | C10: JOSE CICERO | D10: =VLOOKUP(Tabela1316[[#This Row],[Motorista]],Planilha1!A:C,3,0) -> CARRETA | E10: =IF(Tabela1316[[#This Row],[VEICULO]]="CARRETA",5,IF(Tabela1316[[#This Row],[VEICULO]]="TRUCK BAU",3,0)) -> 5 | G10: SANTA BARBARA | H10: 150462/140542 | I10: 46026 | J10: 46026 | K10: 420 | L10: OK | M10: PENDENTE | N10: LANÇADO | O10: 46036 | P10: =Tabela1316[[#This Row],[Valor_recibo]] -> 420 | R10: =VLOOKUP(#REF!,[2]Aprovados!A:A,1,0) -> #REF! | U10: PENDENTE | W10: LANÇADO | X10: 445.5 | Y10: 46027
A11: 22247568 | B11: 46026 | C11: EMERSON RABELO DIAS | D11: =VLOOKUP(Tabela1316[[#This Row],[Motorista]],Planilha1!A:C,3,0) -> TRUCK BAU | E11: =IF(Tabela1316[[#This Row],[VEICULO]]="CARRETA",5,IF(Tabela1316[[#This Row],[VEICULO]]="TRUCK BAU",3,0)) -> 3 | G11: SAO PAULO | H11: 151043/151042/151041/151040/151039 | I11: 46027 | J11: 46027 | K11: 227.23 | L11: OK | M11: PENDENTE | N11: LANÇADO | O11: 46029 | P11: =Tabela1316[[#This Row],[Valor_recibo]] -> 227.23 | R11: =VLOOKUP(#REF!,[2]Aprovados!A:A,1,0) -> #REF! | U11: PENDENTE | W11: LANÇADO | X11: 47.4 | Y11: 46027
A12: 22259442 | B12: 46026 | C12: JACKSON MARCELINO | D12: =VLOOKUP(Tabela1316[[#This Row],[Motorista]],Planilha1!A:C,3,0) -> CARRETA | E12: =IF(Tabela1316[[#This Row],[VEICULO]]="CARRETA",5,IF(Tabela1316[[#This Row],[VEICULO]]="TRUCK BAU",3,0)) -> 5 | G12: BARUERI | H12: 151047 | I12: 46027 | J12: 46027 | K12: 0 | L12: OK | M12: PENDENTE | O12: 46029 | P12: =Tabela1316[[#This Row],[Valor_recibo]] -> 0 | R12: =VLOOKUP(#REF!,[2]Aprovados!A:A,1,0) -> #REF! | U12: PENDENTE | W12: LANÇADO | X12: 132.5 | Y12: 46027
A13: 22215240 | B13: 46027 | C13: ELTON MORGADO | D13: =VLOOKUP(Tabela1316[[#This Row],[Motorista]],Planilha1!A:C,3,0) -> TRUCK BAU | E13: =IF(Tabela1316[[#This Row],[VEICULO]]="CARRETA",5,IF(Tabela1316[[#This Row],[VEICULO]]="TRUCK BAU",3,0)) -> 3 | G13: SAO PAULO | H13: 151336/151335 | I13: 46028 | J13: 46028 | K13: 204 | L13: OK | M13: PENDENTE | N13: LANÇADO | O13: 46030 | P13: =Tabela1316[[#This Row],[Valor_recibo]] -> 204 | R13: =VLOOKUP(#REF!,[2]Aprovados!A:A,1,0) -> #REF! | U13: PENDENTE | W13: LANÇADO | X13: 47.4 | Y13: 46028
A14: 22248445 | B14: 46027 | C14: EMERSON RABELO DIAS | D14: =VLOOKUP(Tabela1316[[#This Row],[Motorista]],Planilha1!A:C,3,0) -> TRUCK BAU | E14: =IF(Tabela1316[[#This Row],[VEICULO]]="CARRETA",5,IF(Tabela1316[[#This Row],[VEICULO]]="TRUCK BAU",3,0)) -> 3 | G14: ITAQUAQUECETUBA | H14: 151391/151392/151393 | I14: 46028 | J14: 46028 | K14: 238 | L14: OK | M14: PENDENTE | N14: LANÇADO | O14: 46036 | P14: =Tabela1316[[#This Row],[Valor_recibo]] -> 238 | R14: =VLOOKUP(#REF!,[2]Aprovados!A:A,1,0) -> #REF! | U14: PENDENTE | W14: LANÇADO | X14: 25.8 | Y14: 46028
A15: 22257905 | B15: 46027 | C15: BRUNO FERREIRA OLIVEIRA | D15: =VLOOKUP(Tabela1316[[#This Row],[Motorista]],Planilha1!A:C,3,0) -> CARRETA | E15: =IF(Tabela1316[[#This Row],[VEICULO]]="CARRETA",5,IF(Tabela1316[[#This Row],[VEICULO]]="TRUCK BAU",3,0)) -> 5 | G15: CAJAMAR | H15: 150308 | I15: 46028 | J15: 46028 | K15: 750 | L15: OK | M15: PENDENTE | N15: LANÇADO | O15: 46037 | P15: =Tabela1316[[#This Row],[Valor_recibo]] -> 750 | R15: =VLOOKUP(#REF!,[2]Aprovados!A:A,1,0) -> #REF! | U15: PENDENTE | W15: LANÇADO | X15: 289.5 | Y15: 46028
A16: 22248657 | B16: 46027 | C16: SEVERINO JOSE DA SILVA | D16: =VLOOKUP(Tabela1316[[#This Row],[Motorista]],Planilha1!A:C,3,0) -> CARRETA | E16: =IF(Tabela1316[[#This Row],[VEICULO]]="CARRETA",5,IF(Tabela1316[[#This Row],[VEICULO]]="TRUCK BAU",3,0)) -> 5 | G16: CAJAMAR | H16: 1498122 | I16: 46028 | J16: 46028 | K16: 0 | M16: PENDENTE | O16: 46029 | P16: =Tabela1316[[#This Row],[Valor_recibo]] -> 0 | R16: =VLOOKUP(#REF!,[2]Aprovados!A:A,1,0) -> #REF! | U16: PENDENTE | W16: LANÇADO | X16: 289.5 | Y16: 46028
A17: 22248655 | B17: 46027 | C17: EVANDRO DE ROSSI | D17: =VLOOKUP(Tabela1316[[#This Row],[Motorista]],Planilha1!A:C,3,0) -> CARRETA | E17: =IF(Tabela1316[[#This Row],[VEICULO]]="CARRETA",5,IF(Tabela1316[[#This Row],[VEICULO]]="TRUCK BAU",3,0)) -> 5 | G17: CAJAMAR | H17: 149809 | I17: 46028 | J17: 46028 | K17: 0 | L17: OK | M17: PENDENTE | O17: 46034 | P17: =Tabela1316[[#This Row],[Valor_recibo]] -> 0 | R17: =VLOOKUP(#REF!,[2]Aprovados!A:A,1,0) -> #REF! | U17: PENDENTE | W17: LANÇADO | X17: 289.5 | Y17: 46028
A18: 22249304 | B18: 46027 | C18: MARIO ADRIANO SILVA | D18: =VLOOKUP(Tabela1316[[#This Row],[Motorista]],Planilha1!A:C,3,0) -> CARRETA | E18: =IF(Tabela1316[[#This Row],[VEICULO]]="CARRETA",5,IF(Tabela1316[[#This Row],[VEICULO]]="TRUCK BAU",3,0)) -> 5 | G18: SÃO VICENTE | H18: 151494/151495/151496/151497/151498/151499/151500 | I18: 46028 | J18: 46028 | K18: 476 | L18: OK | M18: PENDENTE | N18: LANÇADO | O18: 46030 | P18: =Tabela1316[[#This Row],[Valor_recibo]] -> 476 | R18: =VLOOKUP(#REF!,[2]Aprovados!A:A,1,0) -> #REF! | U18: PENDENTE | W18: LANÇADO | X18: 392.5 | Y18: 46028
A19: 22312814 | B19: 46027 | C19: LEONARDO BADESKI | D19: =VLOOKUP(Tabela1316[[#This Row],[Motorista]],Planilha1!A:C,3,0) -> CARRETA | E19: =IF(Tabela1316[[#This Row],[VEICULO]]="CARRETA",5,IF(Tabela1316[[#This Row],[VEICULO]]="TRUCK BAU",3,0)) -> 5 | G19: SÃO PAULO | H19: 151489 | I19: 46028 | J19: 46028 | K19: 340 | L19: OK | M19: PENDENTE | N19: LANÇADO | O19: 46029 | P19: =Tabela1316[[#This Row],[Valor_recibo]] -> 340 | R19: =VLOOKUP(#REF!,[2]Aprovados!A:A,1,0) -> #REF! | U19: PENDENTE | W19: LANÇADO | X19: 79 | Y19: 46028
A20: 22248431 | B20: 46028 | C20: WELLINGTON GODOY | D20: TRUCK BAU | E20: =IF(Tabela1316[[#This Row],[VEICULO]]="CARRETA",5,IF(Tabela1316[[#This Row],[VEICULO]]="TRUCK BAU",3,0)) -> 3 | G20: JACAREÍ | H20: 151665/151666/151667//151668/151669 | I20: 46029 | J20: 46029 | K20: 328 | L20: OK | M20: PENDENTE | N20: LANÇADO | O20: 46034 | P20: =Tabela1316[[#This Row],[Valor_recibo]] -> 328 | R20: =VLOOKUP(#REF!,[2]Aprovados!A:A,1,0) -> #REF! | U20: PENDENTE | W20: LANÇADO | X20: 89.7 | Y20: 46029
A21: 22248439 | B21: 46028 | C21: LEONARDO BADESKI | D21: =VLOOKUP(Tabela1316[[#This Row],[Motorista]],Planilha1!A:C,3,0) -> CARRETA | E21: =IF(Tabela1316[[#This Row],[VEICULO]]="CARRETA",5,IF(Tabela1316[[#This Row],[VEICULO]]="TRUCK BAU",3,0)) -> 5 | G21: JACAREI | H21: 151682 | I21: 46029 | J21: 46029 | K21: 476 | L21: OK | M21: PENDENTE | N21: LANÇADO | O21: 46030 | P21: =Tabela1316[[#This Row],[Valor_recibo]] -> 476 | R21: =VLOOKUP(#REF!,[2]Aprovados!A:A,1,0) -> #REF! | U21: PENDENTE | W21: LANÇADO | X21: 149.5 | Y21: 46029
A22: 22248658 | B22: 46028 | C22: LOURENÇO MALAFAIA | D22: =VLOOKUP(Tabela1316[[#This Row],[Motorista]],Planilha1!A:C,3,0) -> CARRETA | E22: =IF(Tabela1316[[#This Row],[VEICULO]]="CARRETA",5,IF(Tabela1316[[#This Row],[VEICULO]]="TRUCK BAU",3,0)) -> 5 | G22: CAJAMAR | H22: 149813 | I22: 46029 | J22: 46029 | K22: 0 | L22: OK | M22: PENDENTE | O22: 46034 | P22: =Tabela1316[[#This Row],[Valor_recibo]] -> 0 | R22: =VLOOKUP(#REF!,[2]Aprovados!A:A,1,0) -> #REF! | U22: PENDENTE | W22: LANÇADO | X22: 289.5 | Y22: 46029
A23: 22328980 | B23: 46028 | C23: THIAGO PANZELLI | D23: TRUCK BAU | E23: =IF(Tabela1316[[#This Row],[VEICULO]]="CARRETA",5,IF(Tabela1316[[#This Row],[VEICULO]]="TRUCK BAU",3,0)) -> 3 | G23: BARUERI | H23: 151617/151616 | I23: 46029 | J23: 46029 | K23: 0 | L23: OK | M23: PENDENTE | N23: LANÇADO | O23: 46034 | P23: =Tabela1316[[#This Row],[Valor_recibo]] -> 0 | R23: =VLOOKUP(#REF!,[2]Aprovados!A:A,1,0) -> #REF! | U23: PENDENTE | W23: LANÇADO | X23: 79.5 | Y23: 46029
A24: 22313564 | B24: 46028 | C24: SEVERINO JOSE DA SILVA | D24: =VLOOKUP(Tabela1316[[#This Row],[Motorista]],Planilha1!A:C,3,0) -> CARRETA | E24: =IF(Tabela1316[[#This Row],[VEICULO]]="CARRETA",5,IF(Tabela1316[[#This Row],[VEICULO]]="TRUCK BAU",3,0)) -> 5 | G24: CAJAMAR | H24: 151333 | I24: 46029 | J24: 46029 | K24: 0 | L24: OK | M24: PENDENTE | O24: 46036 | P24: =Tabela1316[[#This Row],[Valor_recibo]] -> 0 | R24: =VLOOKUP(#REF!,[2]Aprovados!A:A,1,0) -> #REF! | U24: PENDENTE | W24: LANÇADO | X24: 289.5 | Y24: 46029
A25: 22313561 | B25: 46029 | C25: BRUNO FERREIRA OLIVEIRA | D25: =VLOOKUP(Tabela1316[[#This Row],[Motorista]],Planilha1!A:C,3,0) -> CARRETA | E25: =IF(Tabela1316[[#This Row],[VEICULO]]="CARRETA",5,IF(Tabela1316[[#This Row],[VEICULO]]="TRUCK BAU",3,0)) -> 5 | G25: CAJAMAR | H25: 151331 | I25: 46030 | J25: 46030 | K25: 0 | L25: OK | M25: PENDENTE | O25: 46036 | P25: =Tabela1316[[#This Row],[Valor_recibo]] -> 0 | R25: =VLOOKUP(#REF!,[2]Aprovados!A:A,1,0) -> #REF! | U25: PENDENTE | W25: LANÇADO | X25: 289.5 | Y25: 46030
A26: 22313562 | B26: 46029 | C26: MARIO ADRIANO SILVA | D26: =VLOOKUP(Tabela1316[[#This Row],[Motorista]],Planilha1!A:C,3,0) -> CARRETA | E26: =IF(Tabela1316[[#This Row],[VEICULO]]="CARRETA",5,IF(Tabela1316[[#This Row],[VEICULO]]="TRUCK BAU",3,0)) -> 5 | G26: CAJAMAR | H26: 151332 | I26: 46030 | J26: 46030 | K26: 0 | L26: OK | M26: PENDENTE | N26: LANÇADO | O26: 46034 | P26: =Tabela1316[[#This Row],[Valor_recibo]] -> 0 | R26: =VLOOKUP(#REF!,[2]Aprovados!A:A,1,0) -> #REF! | U26: PENDENTE | W26: LANÇADO | X26: 289.5 | Y26: 46030
A27: 22152496 | B27: 46029 | C27: LEONARDO BADESKI | D27: =VLOOKUP(Tabela1316[[#This Row],[Motorista]],Planilha1!A:C,3,0) -> CARRETA | E27: =IF(Tabela1316[[#This Row],[VEICULO]]="CARRETA",5,IF(Tabela1316[[#This Row],[VEICULO]]="TRUCK BAU",3,0)) -> 5 | G27: OSASCO | H27: 146384/146383/146382 | I27: 46030 | J27: 46030 | K27: 238 | L27: OK | M27: PENDENTE | N27: LANÇADO | O27: 46034 | P27: =Tabela1316[[#This Row],[Valor_recibo]] -> 238 | R27: =VLOOKUP(#REF!,[2]Aprovados!A:A,1,0) -> #REF! | U27: PENDENTE | W27: LANÇADO | X27: 132 | Y27: 46030
A28: 22152497 | B28: 46029 | C28: LOURENÇO MALAFAIA | D28: =VLOOKUP(Tabela1316[[#This Row],[Motorista]],Planilha1!A:C,3,0) -> CARRETA | E28: =IF(Tabela1316[[#This Row],[VEICULO]]="CARRETA",5,IF(Tabela1316[[#This Row],[VEICULO]]="TRUCK BAU",3,0)) -> 5 | G28: OSASCO | H28: 146390 / 146389 / 146388 /146387/ 146386 | I28: 46030 | J28: 46030 | K28: 255 | L28: OK | M28: PENDENTE | N28: LANÇADO | O28: 46037 | P28: =Tabela1316[[#This Row],[Valor_recibo]] -> 255 | R28: =VLOOKUP(#REF!,[2]Aprovados!A:A,1,0) -> #REF! | U28: PENDENTE | W28: LANÇADO | X28: 132 | Y28: 46030
A29: 22337774 | B29: 46030 | C29: ROMULO BENEDITO | D29: TRUCK BAU | E29: =IF(Tabela1316[[#This Row],[VEICULO]]="CARRETA",5,IF(Tabela1316[[#This Row],[VEICULO]]="TRUCK BAU",3,0)) -> 3 | G29: TAUBATE | H29: 152366/152368/152369/152370 | I29: 46031 | J29: 46031 | K29: 180 | L29: OK | M29: PENDENTE | N29: LANÇADO | O29: 46042 | P29: =Tabela1316[[#This Row],[Valor_recibo]] -> 180 | R29: =VLOOKUP(#REF!,[2]Aprovados!A:A,1,0) -> #REF! | U29: PENDENTE | W29: LANÇADO | X29: 112.5 | Y29: 46031
A30: 22248659 | B30: 46031 | C30: EVANDRO DE ROSSI | D30: =VLOOKUP(Tabela1316[[#This Row],[Motorista]],Planilha1!A:C,3,0) -> CARRETA | E30: =IF(Tabela1316[[#This Row],[VEICULO]]="CARRETA",5,IF(Tabela1316[[#This Row],[VEICULO]]="TRUCK BAU",3,0)) -> 5 | G30: CAJAMAR | H30: 149815/149814 | I30: 46032 | J30: 46032 | K30: 0 | L30: OK | M30: PENDENTE | O30: 46036 | P30: =Tabela1316[[#This Row],[Valor_recibo]] -> 0 | R30: =VLOOKUP(#REF!,[2]Aprovados!A:A,1,0) -> #REF! | U30: PENDENTE | W30: LANÇADO | X30: 289.5 | Y30: 46031
A31: 22248656 | B31: 46031 | C31: THIAGO BARROS | D31: CARRETA | E31: =IF(Tabela1316[[#This Row],[VEICULO]]="CARRETA",5,IF(Tabela1316[[#This Row],[VEICULO]]="TRUCK BAU",3,0)) -> 5 | G31: CAJAMAR | H31: 149811/149810 | I31: 46032 | J31: 46032 | K31: 0 | L31: OK | M31: PENDENTE | O31: 46036 | P31: =Tabela1316[[#This Row],[Valor_recibo]] -> 0 | R31: =VLOOKUP(#REF!,[2]Aprovados!A:A,1,0) -> #REF! | U31: PENDENTE | W31: LANÇADO | X31: 289.5 | Y31: 46031
A32: 22338012 | B32: 46031 | C32: SEVERINO JOSE DA SILVA | D32: =VLOOKUP(Tabela1316[[#This Row],[Motorista]],Planilha1!A:C,3,0) -> CARRETA | E32: =IF(Tabela1316[[#This Row],[VEICULO]]="CARRETA",5,IF(Tabela1316[[#This Row],[VEICULO]]="TRUCK BAU",3,0)) -> 5 | G32: UBATUBA | H32: 152756/152757152758/152759/152760 | I32: 46032 | J32: 46032 | K32: 560 | L32: OK | M32: PENDENTE | N32: LANÇADO | O32: 46036 | P32: =Tabela1316[[#This Row],[Valor_recibo]] -> 560 | R32: =VLOOKUP(#REF!,[2]Aprovados!A:A,1,0) -> #REF! | U32: PENDENTE | W32: LANÇADO | X32: 327.5 | Y32: 46034
A33: 22338577 | B33: 46031 | C33: WELLINGTON GODOY | D33: TRUCK BAU | E33: =IF(Tabela1316[[#This Row],[VEICULO]]="CARRETA",5,IF(Tabela1316[[#This Row],[VEICULO]]="TRUCK BAU",3,0)) -> 3 | G33: SUMARE | H33: 152711/152712/152713 | I33: 46034 | J33: 46034 | K33: 300 | L33: OK | M33: PENDENTE | N33: LANÇADO | O33: 46036 | P33: =Tabela1316[[#This Row],[Valor_recibo]] -> 300 | R33: =VLOOKUP(#REF!,[2]Aprovados!A:A,1,0) -> #REF! | U33: PENDENTE | W33: LANÇADO | X33: 198.9 | Y33: 46034
A34: 22343340 | B34: 46031 | C34: DANILO JUSTINO MENDES | D34: =VLOOKUP(Tabela1316[[#This Row],[Motorista]],Planilha1!A:C,3,0) -> TRUCK BAU | E34: =IF(Tabela1316[[#This Row],[VEICULO]]="CARRETA",5,IF(Tabela1316[[#This Row],[VEICULO]]="TRUCK BAU",3,0)) -> 3 | G34: AMAPARO | H34: 152690/152691/152692/152693 | I34: 46034 | J34: 46034 | K34: 260 | L34: OK | M34: PENDENTE | N34: LANÇADO | O34: 46036 | P34: =Tabela1316[[#This Row],[Valor_recibo]] -> 260 | R34: =VLOOKUP(#REF!,[2]Aprovados!A:A,1,0) -> #REF! | U34: PENDENTE | W34: LANÇADO | X34: 130.5 | Y34: 46034
A35: 22337798 | B35: 46031 | C35: EMERSON RABELO DIAS | D35: =VLOOKUP(Tabela1316[[#This Row],[Motorista]],Planilha1!A:C,3,0) -> TRUCK BAU | E35: =IF(Tabela1316[[#This Row],[VEICULO]]="CARRETA",5,IF(Tabela1316[[#This Row],[VEICULO]]="TRUCK BAU",3,0)) -> 3 | G35: GUARULHOS | H35: 153202 | I35: 46034 | J35: 46034 | K35: 238 | L35: OK | M35: PENDENTE | N35: LANÇADO | O35: 46036 | P35: =Tabela1316[[#This Row],[Valor_recibo]] -> 238 | R35: =VLOOKUP(#REF!,[2]Aprovados!A:A,1,0) -> #REF! | U35: PENDENTE | W35: LANÇADO | X35: 44.1 | Y35: 46034
A36: 22318653 | B36: 46031 | C36: LOURENÇO MALAFAIA | D36: =VLOOKUP(Tabela1316[[#This Row],[Motorista]],Planilha1!A:C,3,0) -> CARRETA | E36: =IF(Tabela1316[[#This Row],[VEICULO]]="CARRETA",5,IF(Tabela1316[[#This Row],[VEICULO]]="TRUCK BAU",3,0)) -> 5 | G36: CAJAMAR | H36: 153035 | I36: 46035 | J36: 46035 | K36: 532 | L36: OK | M36: PENDENTE | N36: LANÇADO | O36: 46037 | P36: =Tabela1316[[#This Row],[Valor_recibo]] -> 532 | R36: =VLOOKUP(#REF!,[2]Aprovados!A:A,1,0) -> #REF! | U36: PENDENTE | W36: LANÇADO | X36: 289.5 | Y36: 46034
A37: 22341918 | B37: 46031 | C37: JOSE CICERO | D37: =VLOOKUP(Tabela1316[[#This Row],[Motorista]],Planilha1!A:C,3,0) -> CARRETA | E37: =IF(Tabela1316[[#This Row],[VEICULO]]="CARRETA",5,IF(Tabela1316[[#This Row],[VEICULO]]="TRUCK BAU",3,0)) -> 5 | G37: ITAPECERICA DA SERRA | H37: 152824 / 152823 | I37: 46034 | J37: 46034 | K37: 416.5 | L37: OK | M37: PENDENTE | N37: LANÇADO | O37: 46037 | P37: =Tabela1316[[#This Row],[Valor_recibo]] -> 416.5 | R37: =VLOOKUP(#REF!,[2]Aprovados!A:A,1,0) -> #REF! | U37: PENDENTE | W37: LANÇADO | X37: 100 | Y37: 46034
A38: 22348712 | B38: 46031 | C38: LEONARDO BADESKI | D38: =VLOOKUP(Tabela1316[[#This Row],[Motorista]],Planilha1!A:C,3,0) -> CARRETA | E38: =IF(Tabela1316[[#This Row],[VEICULO]]="CARRETA",5,IF(Tabela1316[[#This Row],[VEICULO]]="TRUCK BAU",3,0)) -> 5 | G38: SUMARE | H38: 153023 | I38: 46034 | J38: 46034 | K38: 2000 | L38: OK | M38: PENDENTE | N38: LANÇADO | O38: 46036 | P38: =Tabela1316[[#This Row],[Valor_recibo]] -> 2000 | R38: =VLOOKUP(#REF!,[2]Aprovados!A:A,1,0) -> #REF! | U38: PENDENTE | W38: LANÇADO | X38: 331.5 | Y38: 46034
A39: 22337804 | B39: 46031 | C39: ELTON MORGADO | D39: =VLOOKUP(Tabela1316[[#This Row],[Motorista]],Planilha1!A:C,3,0) -> TRUCK BAU | E39: =IF(Tabela1316[[#This Row],[VEICULO]]="CARRETA",5,IF(Tabela1316[[#This Row],[VEICULO]]="TRUCK BAU",3,0)) -> 3 | G39: CAMPINAS | H39: 152995 | I39: 46034 | J39: 46034 | K39: 238 | L39: OK | M39: PENDENTE | N39: LANÇADO | O39: 46036 | P39: =Tabela1316[[#This Row],[Valor_recibo]] -> 238 | R39: =VLOOKUP(#REF!,[2]Aprovados!A:A,1,0) -> #REF! | U39: PENDENTE | W39: LANÇADO | X39: 216 | Y39: 46034
A40: 22350944 | B40: 46031 | C40: HERMINIO VALENTIM FACHINETTE | D40: TRUCK BAU | E40: =IF(Tabela1316[[#This Row],[VEICULO]]="CARRETA",5,IF(Tabela1316[[#This Row],[VEICULO]]="TRUCK BAU",3,0)) -> 3 | G40: IMPERATRIZ | M40: PENDENTE | N40: PENDENTE | P40: =Tabela1316[[#This Row],[Valor_recibo]] -> 0 | R40: =VLOOKUP(#REF!,[2]Aprovados!A:A,1,0) -> #REF! | U40: PENDENTE | X40: 0
A41: 22344622 | B41: 46031 | C41: ALMIR SANTANA DE SOUZA | D41: TRUCK BAU | E41: =IF(Tabela1316[[#This Row],[VEICULO]]="CARRETA",5,IF(Tabela1316[[#This Row],[VEICULO]]="TRUCK BAU",3,0)) -> 3 | G41: TRES LAGOAS | M41: PENDENTE | N41: PENDENTE | P41: =Tabela1316[[#This Row],[Valor_recibo]] -> 0 | R41: =VLOOKUP(#REF!,[2]Aprovados!A:A,1,0) -> #REF! | U41: PENDENTE | X41: 0
A42: 22161610 | B42: 46013 | C42: ALMIR SANTANA DE SOUZA | D42: TRUCK BAU | E42: =IF(Tabela1316[[#This Row],[VEICULO]]="CARRETA",5,IF(Tabela1316[[#This Row],[VEICULO]]="TRUCK BAU",3,0)) -> 3 | G42: SÃO PAULO | H42: 147787/147788/147789/147790/147796 | I42: 46014 | J42: 46014 | K42: 1504 | L42: OK | N42: LANÇADO | O42: 46034 | R42: =VLOOKUP(#REF!,[2]Aprovados!A:A,1,0) -> #REF! | U42: PENDENTE | W42: LANÇADO | X42: 47.4 | Y42: 46014
A43: 22318665 | B43: 46034 | C43: MARIO ADRIANO SILVA | D43: =VLOOKUP(Tabela1316[[#This Row],[Motorista]],Planilha1!A:C,3,0) -> CARRETA | E43: =IF(Tabela1316[[#This Row],[VEICULO]]="CARRETA",5,IF(Tabela1316[[#This Row],[VEICULO]]="TRUCK BAU",3,0)) -> 5 | G43: CAJAMAR | H43: 152710 | I43: 46036 | J43: 46036 | K43: 532 | L43: OK | M43: PENDENTE | N43: LANÇADO | O43: 46037 | P43: =Tabela1316[[#This Row],[Valor_recibo]] -> 532 | R43: =VLOOKUP(#REF!,[2]Aprovados!A:A,1,0) -> #REF! | U43: PENDENTE | W43: LANÇADO | X43: 289.5 | Y43: 46035
A44: 22343352 | B44: 46034 | C44: JOAO BATISTA | D44: TRUCK BAU | E44: =IF(Tabela1316[[#This Row],[VEICULO]]="CARRETA",5,IF(Tabela1316[[#This Row],[VEICULO]]="TRUCK BAU",3,0)) -> 3 | G44: JACAREI | H44: 153375 / 153376 | I44: 46035 | J44: 46035 | K44: 255 | L44: OK | M44: PENDENTE | N44: LANÇADO | O44: 46043 | P44: =Tabela1316[[#This Row],[Valor_recibo]] -> 255 | R44: =VLOOKUP(#REF!,[2]Aprovados!A:A,1,0) -> #REF! | U44: PENDENTE | W44: LANÇADO | X44: 89.7 | Y44: 46035
A45: 22344025 | B45: 46034 | C45: EMERSON RABELO DIAS | D45: =VLOOKUP(Tabela1316[[#This Row],[Motorista]],Planilha1!A:C,3,0) -> TRUCK BAU | E45: =IF(Tabela1316[[#This Row],[VEICULO]]="CARRETA",5,IF(Tabela1316[[#This Row],[VEICULO]]="TRUCK BAU",3,0)) -> 3 | G45: SAO PAULO | H45: 153328 / 153329 / 153330 | I45: 46035 | J45: 46035 | K45: 187 | L45: OK | M45: PENDENTE | N45: LANÇADO | O45: 46043 | P45: =Tabela1316[[#This Row],[Valor_recibo]] -> 187 | R45: =VLOOKUP(#REF!,[2]Aprovados!A:A,1,0) -> #REF! | U45: PENDENTE | W45: LANÇADO | X45: 47.4 | Y45: 46035
A46: 22198401 | B46: 46034 | C46: IVAN RODRIGUES | D46: =VLOOKUP(Tabela1316[[#This Row],[Motorista]],Planilha1!A:C,3,0) -> CARRETA | E46: =IF(Tabela1316[[#This Row],[VEICULO]]="CARRETA",5,IF(Tabela1316[[#This Row],[VEICULO]]="TRUCK BAU",3,0)) -> 5 | G46: CAJAMAR | M46: PENDENTE | P46: =Tabela1316[[#This Row],[Valor_recibo]] -> 0 | R46: =VLOOKUP(#REF!,[2]Aprovados!A:A,1,0) -> #REF! | U46: PENDENTE | W46: LANÇADO | X46: 289.5 | Y46: 46035
A47: 22205012 | B47: 46034 | C47: BRUNO FERREIRA OLIVEIRA | D47: =VLOOKUP(Tabela1316[[#This Row],[Motorista]],Planilha1!A:C,3,0) -> CARRETA | E47: =IF(Tabela1316[[#This Row],[VEICULO]]="CARRETA",5,IF(Tabela1316[[#This Row],[VEICULO]]="TRUCK BAU",3,0)) -> 5 | G47: CAJAMAR | H47: 148776/148777 | I47: 46035 | J47: 46035 | K47: 0 | L47: OK | M47: PENDENTE | O47: 46036 | P47: =Tabela1316[[#This Row],[Valor_recibo]] -> 0 | R47: =VLOOKUP(#REF!,[2]Aprovados!A:A,1,0) -> #REF! | U47: PENDENTE | W47: LANÇADO | X47: 289.5 | Y47: 46035
A48: 22343425 | B48: 46034 | C48: EVANDRO DE ROSSI | D48: =VLOOKUP(Tabela1316[[#This Row],[Motorista]],Planilha1!A:C,3,0) -> CARRETA | E48: =IF(Tabela1316[[#This Row],[VEICULO]]="CARRETA",5,IF(Tabela1316[[#This Row],[VEICULO]]="TRUCK BAU",3,0)) -> 5 | G48: SÃO PAULO | H48: 153419 | I48: 46036 | J48: 46036 | K48: 0 | L48: OK | M48: PENDENTE | N48: LANÇADO | O48: 46037 | P48: =Tabela1316[[#This Row],[Valor_recibo]] -> 0 | R48: =VLOOKUP(#REF!,[2]Aprovados!A:A,1,0) -> #REF! | U48: PENDENTE | W48: LANÇADO | X48: 79 | Y48: 46035
A49: 22343603 | B49: 46035 | C49: MARCOS ROGERIO | D49: =VLOOKUP(Tabela1316[[#This Row],[Motorista]],Planilha1!A:C,3,0) -> CARRETA | E49: =IF(Tabela1316[[#This Row],[VEICULO]]="CARRETA",5,IF(Tabela1316[[#This Row],[VEICULO]]="TRUCK BAU",3,0)) -> 5 | G49: CAJAMAR | H49: 152384 | I49: 46037 | J49: 46037 | K49: 0 | L49: OK | M49: PENDENTE | N49: PENDENTE | P49: =Tabela1316[[#This Row],[Valor_recibo]] -> 0 | R49: =VLOOKUP(#REF!,[2]Aprovados!A:A,1,0) -> #REF! | U49: PENDENTE | W49: LANÇADO | X49: 289.5 | Y49: 46036
A50: 22205021 | B50: 46035 | C50: SEVERINO JOSE DA SILVA | D50: =VLOOKUP(Tabela1316[[#This Row],[Motorista]],Planilha1!A:C,3,0) -> CARRETA | E50: =IF(Tabela1316[[#This Row],[VEICULO]]="CARRETA",5,IF(Tabela1316[[#This Row],[VEICULO]]="TRUCK BAU",3,0)) -> 5 | G50: CAJAMAR | H50: 148772 | I50: 46036 | J50: 46036 | K50: 0 | L50: OK | M50: PENDENTE | N50: PENDENTE | P50: =Tabela1316[[#This Row],[Valor_recibo]] -> 0 | R50: =VLOOKUP(#REF!,[2]Aprovados!A:A,1,0) -> #REF! | U50: PENDENTE | W50: LANÇADO | X50: 289.5 | Y50: 46036
A51: 22375919 | B51: 46035 | C51: JOSE CICERO | D51: =VLOOKUP(Tabela1316[[#This Row],[Motorista]],Planilha1!A:C,3,0) -> CARRETA | E51: =IF(Tabela1316[[#This Row],[VEICULO]]="CARRETA",5,IF(Tabela1316[[#This Row],[VEICULO]]="TRUCK BAU",3,0)) -> 5 | G51: SAO PAULO | H51: 153747 / 153746 / 153745 | I51: 46036 | J51: 46036 | K51: 0 | L51: OK | M51: PENDENTE | N51: LANÇADO | O51: 46037 | P51: =Tabela1316[[#This Row],[Valor_recibo]] -> 0 | R51: =VLOOKUP(#REF!,[2]Aprovados!A:A,1,0) -> #REF! | U51: PENDENTE | W51: LANÇADO | X51: 79 | Y51: 46036
A52: 22341711 | B52: 46035 | C52: LOURENÇO MALAFAIA | D52: =VLOOKUP(Tabela1316[[#This Row],[Motorista]],Planilha1!A:C,3,0) -> CARRETA | E52: =IF(Tabela1316[[#This Row],[VEICULO]]="CARRETA",5,IF(Tabela1316[[#This Row],[VEICULO]]="TRUCK BAU",3,0)) -> 5 | G52: ITAQUAQUECETUBA | H52: 53357 | I52: 46041 | J52: 46041 | K52: 290 | L52: OK | M52: PENDENTE | N52: LANÇADO | O52: 46042 | P52: =Tabela1316[[#This Row],[Valor_recibo]] -> 290 | R52: =VLOOKUP(#REF!,[2]Aprovados!A:A,1,0) -> #REF! | U52: PENDENTE | W52: LANÇADO | X52: 43 | Y52: 46036
A53: 22318441 | B53: 46035 | C53: THIAGO BARROS | D53: CARRETA | E53: =IF(Tabela1316[[#This Row],[VEICULO]]="CARRETA",5,IF(Tabela1316[[#This Row],[VEICULO]]="TRUCK BAU",3,0)) -> 5 | G53: CAJAMAR | H53: 153837 | I53: 46037 | J53: 46037 | K53: 532 | L53: OK | M53: PENDENTE | N53: LANÇADO | O53: 46043 | P53: =Tabela1316[[#This Row],[Valor_recibo]] -> 532 | R53: =VLOOKUP(#REF!,[2]Aprovados!A:A,1,0) -> #REF! | U53: PENDENTE | W53: LANÇADO | X53: 289.5 | Y53: 46036
A54: 22318450 | B54: 46035 | C54: LEONARDO BADESKI | D54: =VLOOKUP(Tabela1316[[#This Row],[Motorista]],Planilha1!A:C,3,0) -> CARRETA | E54: =IF(Tabela1316[[#This Row],[VEICULO]]="CARRETA",5,IF(Tabela1316[[#This Row],[VEICULO]]="TRUCK BAU",3,0)) -> 5 | G54: CAJAMAR | H54: 153829 | I54: 46036 | J54: 46036 | K54: 532 | L54: OK | M54: PENDENTE | N54: LANÇADO | O54: 46050 | P54: =Tabela1316[[#This Row],[Valor_recibo]] -> 532 | R54: =VLOOKUP(#REF!,[2]Aprovados!A:A,1,0) -> #REF! | U54: PENDENTE | W54: LANÇADO | X54: 289.5 | Y54: 46036
A55: 22343393 | B55: 46035 | C55: ALMIR SANTANA DE SOUZA | D55: TRUCK BAU | E55: =IF(Tabela1316[[#This Row],[VEICULO]]="CARRETA",5,IF(Tabela1316[[#This Row],[VEICULO]]="TRUCK BAU",3,0)) -> 3 | G55: SAO PAULO | H55: 153701 / 153702 / 153703 / 153704 / 153705 | I55: 46036 | J55: 46036 | K55: 266 | L55: OK | M55: PENDENTE | N55: LANÇADO | O55: 46037 | P55: =Tabela1316[[#This Row],[Valor_recibo]] -> 266 | R55: =VLOOKUP(#REF!,[2]Aprovados!A:A,1,0) -> #REF! | U55: PENDENTE | W55: LANÇADO | X55: 47.4 | Y55: 46036
A56: 22348946 | B56: 46035 | C56: DANILO JUSTINO MENDES | D56: =VLOOKUP(Tabela1316[[#This Row],[Motorista]],Planilha1!A:C,3,0) -> TRUCK BAU | E56: =IF(Tabela1316[[#This Row],[VEICULO]]="CARRETA",5,IF(Tabela1316[[#This Row],[VEICULO]]="TRUCK BAU",3,0)) -> 3 | G56: SUMARE | H56: 153755 | I56: 46042 | J56: 46042 | K56: 1150 | L56: OK | M56: PENDENTE | N56: LANÇADO | O56: 46042 | P56: =Tabela1316[[#This Row],[Valor_recibo]] -> 1150 | R56: =VLOOKUP(#REF!,[2]Aprovados!A:A,1,0) -> #REF! | U56: PENDENTE | W56: LANÇADO | X56: 198.9 | Y56: 46036
A57: 22378882 | B57: 46035 | C57: EMERSON RABELO DIAS | D57: =VLOOKUP(Tabela1316[[#This Row],[Motorista]],Planilha1!A:C,3,0) -> TRUCK BAU | E57: =IF(Tabela1316[[#This Row],[VEICULO]]="CARRETA",5,IF(Tabela1316[[#This Row],[VEICULO]]="TRUCK BAU",3,0)) -> 3 | G57: SAO PAULO | H57: 153739 | I57: 46036 | J57: 46036 | K57: 238 | L57: OK | M57: PENDENTE | N57: LANÇADO | O57: 46042 | P57: =Tabela1316[[#This Row],[Valor_recibo]] -> 238 | R57: =VLOOKUP(#REF!,[2]Aprovados!A:A,1,0) -> #REF! | U57: PENDENTE | W57: LANÇADO | X57: 47.4 | Y57: 46036
A58: 22378883 | B58: 46035 | C58: WELLINGTON BORGES | D58: TRUCK BAU | E58: =IF(Tabela1316[[#This Row],[VEICULO]]="CARRETA",5,IF(Tabela1316[[#This Row],[VEICULO]]="TRUCK BAU",3,0)) -> 3 | G58: SANTOS | H58: 153647 | I58: 46036 | J58: 46036 | K58: 238 | L58: OK | M58: PENDENTE | N58: LANÇADO | O58: 46043 | P58: =Tabela1316[[#This Row],[Valor_recibo]] -> 238 | R58: =VLOOKUP(#REF!,[2]Aprovados!A:A,1,0) -> #REF! | U58: PENDENTE | W58: LANÇADO | X58: 186.6 | Y58: 46036
A59: 22375840 | B59: 46036 | C59: ALMIR SANTANA DE SOUZA | D59: TRUCK BAU | E59: =IF(Tabela1316[[#This Row],[VEICULO]]="CARRETA",5,IF(Tabela1316[[#This Row],[VEICULO]]="TRUCK BAU",3,0)) -> 3 | G59: FRANCO DA ROCHA | H59: 154198/154197 | I59: 46037 | J59: 46037 | K59: 888 | L59: OK | M59: PENDENTE | N59: LANÇADO | O59: 46042 | P59: =Tabela1316[[#This Row],[Valor_recibo]] -> 888 | R59: =VLOOKUP(#REF!,[2]Aprovados!A:A,1,0) -> #REF! | U59: PENDENTE | W59: LANÇADO | X59: 65.4 | Y59: 46037
A60: 22375328 | B60: 46036 | C60: THIAGO PANZELLI | D60: TRUCK BAU | E60: =IF(Tabela1316[[#This Row],[VEICULO]]="CARRETA",5,IF(Tabela1316[[#This Row],[VEICULO]]="TRUCK BAU",3,0)) -> 3 | G60: SANTO ANDRE | H60: 154312 / 154313 / 154314 / 154315 / 154315 | I60: 46037 | J60: 46037 | K60: 266 | L60: OK | M60: PENDENTE | N60: LANÇADO | P60: =Tabela1316[[#This Row],[Valor_recibo]] -> 266 | R60: =VLOOKUP(#REF!,[2]Aprovados!A:A,1,0) -> #REF! | U60: PENDENTE | W60: LANÇADO | X60: 38.1 | Y60: 46037
A61: 22376060 | B61: 46036 | C61: EMERSON RABELO DIAS | D61: =VLOOKUP(Tabela1316[[#This Row],[Motorista]],Planilha1!A:C,3,0) -> TRUCK BAU | E61: =IF(Tabela1316[[#This Row],[VEICULO]]="CARRETA",5,IF(Tabela1316[[#This Row],[VEICULO]]="TRUCK BAU",3,0)) -> 3 | G61: GUARUJA | H61: 154179/154180/154181/154182 | I61: 46037 | J61: 46037 | K61: 324 | L61: OK | M61: PENDENTE | N61: LANÇADO | O61: 46042 | P61: =Tabela1316[[#This Row],[Valor_recibo]] -> 324 | R61: =VLOOKUP(#REF!,[2]Aprovados!A:A,1,0) -> #REF! | U61: PENDENTE | W61: LANÇADO | X61: 189 | Y61: 46037
A62: 22375627 | B62: 46036 | C62: ELTON MORGADO | D62: =VLOOKUP(Tabela1316[[#This Row],[Motorista]],Planilha1!A:C,3,0) -> TRUCK BAU | E62: =IF(Tabela1316[[#This Row],[VEICULO]]="CARRETA",5,IF(Tabela1316[[#This Row],[VEICULO]]="TRUCK BAU",3,0)) -> 3 | G62: GUARULHOS | H62: 154289 / 154290 / 154291 / 154292 | I62: 46037 | J62: 46037 | K62: 266 | L62: OK | M62: PENDENTE | N62: LANÇADO | O62: 46043 | P62: =Tabela1316[[#This Row],[Valor_recibo]] -> 266 | R62: =VLOOKUP(#REF!,[2]Aprovados!A:A,1,0) -> #REF! | U62: PENDENTE | W62: LANÇADO | X62: 44.1 | Y62: 46037
A63: 22376452 | B63: 46036 | C63: JACKSON MARCELINO | D63: =VLOOKUP(Tabela1316[[#This Row],[Motorista]],Planilha1!A:C,3,0) -> CARRETA | E63: =IF(Tabela1316[[#This Row],[VEICULO]]="CARRETA",5,IF(Tabela1316[[#This Row],[VEICULO]]="TRUCK BAU",3,0)) -> 5 | G63: RIO CLARO | H63: 154042/154043/154044/154045/154046 | I63: 46037 | J63: 46037 | K63: 560 | L63: OK | M63: PENDENTE | N63: LANÇADO | O63: 46042 | P63: =Tabela1316[[#This Row],[Valor_recibo]] -> 560 | R63: =VLOOKUP(#REF!,[2]Aprovados!A:A,1,0) -> #REF! | U63: PENDENTE | W63: LANÇADO | X63: 532.5 | Y63: 46037
A64: 22375922 | B64: 46036 | C64: EVANDRO DE ROSSI | D64: =VLOOKUP(Tabela1316[[#This Row],[Motorista]],Planilha1!A:C,3,0) -> CARRETA | E64: =IF(Tabela1316[[#This Row],[VEICULO]]="CARRETA",5,IF(Tabela1316[[#This Row],[VEICULO]]="TRUCK BAU",3,0)) -> 5 | G64: CAJAMAR | H64: 153301 | I64: 46037 | J64: 46037 | K64: 0 | L64: OK | M64: PENDENTE | O64: 46049 | P64: =Tabela1316[[#This Row],[Valor_recibo]] -> 0 | R64: =VLOOKUP(#REF!,[2]Aprovados!A:A,1,0) -> #REF! | U64: PENDENTE | W64: LANÇADO | X64: 289.5 | Y64: 46037
A65: 22376054 | B65: 46036 | C65: LOURENÇO MALAFAIA | D65: =VLOOKUP(Tabela1316[[#This Row],[Motorista]],Planilha1!A:C,3,0) -> CARRETA | E65: =IF(Tabela1316[[#This Row],[VEICULO]]="CARRETA",5,IF(Tabela1316[[#This Row],[VEICULO]]="TRUCK BAU",3,0)) -> 5 | G65: CAJAMAR | H65: 153300 | I65: 46037 | J65: 46037 | K65: 0 | L65: OK | M65: PENDENTE | O65: 46048 | P65: =Tabela1316[[#This Row],[Valor_recibo]] -> 0 | R65: =VLOOKUP(#REF!,[2]Aprovados!A:A,1,0) -> #REF! | U65: PENDENTE | W65: LANÇADO | X65: 289.5 | Y65: 46037
A66: 22376053 | B66: 46036 | C66: BRUNO FERREIRA OLIVEIRA | D66: =VLOOKUP(Tabela1316[[#This Row],[Motorista]],Planilha1!A:C,3,0) -> CARRETA | E66: =IF(Tabela1316[[#This Row],[VEICULO]]="CARRETA",5,IF(Tabela1316[[#This Row],[VEICULO]]="TRUCK BAU",3,0)) -> 5 | G66: CAJAMAR | H66: 153299 | I66: 46037 | J66: 46037 | K66: 0 | L66: OK | M66: PENDENTE | O66: 46042 | P66: =Tabela1316[[#This Row],[Valor_recibo]] -> 0 | R66: =VLOOKUP(#REF!,[2]Aprovados!A:A,1,0) -> #REF! | U66: PENDENTE | W66: LANÇADO | X66: 289.5 | Y66: 46037
A67: 22343604 | B67: 46036 | C67: MARIO ADRIANO SILVA | D67: =VLOOKUP(Tabela1316[[#This Row],[Motorista]],Planilha1!A:C,3,0) -> CARRETA | E67: =IF(Tabela1316[[#This Row],[VEICULO]]="CARRETA",5,IF(Tabela1316[[#This Row],[VEICULO]]="TRUCK BAU",3,0)) -> 5 | G67: CAJAMAR | H67: 152405/152404/152403 | I67: 46037 | J67: 46037 | K67: 0 | L67: OK | M67: PENDENTE | O67: 46042 | P67: =Tabela1316[[#This Row],[Valor_recibo]] -> 0 | R67: =VLOOKUP(#REF!,[2]Aprovados!A:A,1,0) -> #REF! | U67: PENDENTE | W67: LANÇADO | X67: 289.5 | Y67: 46037
A68: 22376649 | B68: 46036 | C68: SEVERINO JOSE DA SILVA | D68: =VLOOKUP(Tabela1316[[#This Row],[Motorista]],Planilha1!A:C,3,0) -> CARRETA | E68: =IF(Tabela1316[[#This Row],[VEICULO]]="CARRETA",5,IF(Tabela1316[[#This Row],[VEICULO]]="TRUCK BAU",3,0)) -> 5 | G68: CAMPINAS | H68: 154318/154319/154320/154321 | I68: 46037 | J68: 46037 | K68: 480 | L68: OK | M68: PENDENTE | N68: LANÇADO | O68: 46042 | P68: =Tabela1316[[#This Row],[Valor_recibo]] -> 480 | R68: =VLOOKUP(#REF!,[2]Aprovados!A:A,1,0) -> #REF! | U68: PENDENTE | W68: LANÇADO | X68: 360 | Y68: 46037
A69: 22376694 | B69: 46037 | C69: EVANDRO DE ROSSI | D69: =VLOOKUP(Tabela1316[[#This Row],[Motorista]],Planilha1!A:C,3,0) -> CARRETA | E69: =IF(Tabela1316[[#This Row],[VEICULO]]="CARRETA",5,IF(Tabela1316[[#This Row],[VEICULO]]="TRUCK BAU",3,0)) -> 5 | G69: SAO VICENTE | H69: 154481 / 154482 / 154483 / 154484 | I69: 46038 | J69: 46038 | K69: 437 | L69: OK | M69: PENDENTE | N69: LANÇADO | O69: 46043 | P69: =Tabela1316[[#This Row],[Valor_recibo]] -> 437 | R69: =VLOOKUP(#REF!,[2]Aprovados!A:A,1,0) -> #REF! | U69: PENDENTE | W69: LANÇADO | X69: 392.5 | Y69: 46038
A70: 20384242 | B70: 46037 | C70: LEONARDO BADESKI | D70: =VLOOKUP(Tabela1316[[#This Row],[Motorista]],Planilha1!A:C,3,0) -> CARRETA | E70: =IF(Tabela1316[[#This Row],[VEICULO]]="CARRETA",5,IF(Tabela1316[[#This Row],[VEICULO]]="TRUCK BAU",3,0)) -> 5 | G70: CAJAMAR | H70: 53538 | I70: 46046 | J70: 46046 | K70: 532 | L70: OK | M70: PENDENTE | N70: LANÇADO | O70: 46048 | P70: =Tabela1316[[#This Row],[Valor_recibo]] -> 532 | R70: =VLOOKUP(#REF!,[2]Aprovados!A:A,1,0) -> #REF! | U70: PENDENTE | W70: LANÇADO | X70: 289.5 | Y70: 46038
A71: 22338384 | B71: 46037 | C71: THIAGO BARROS | D71: CARRETA | E71: =IF(Tabela1316[[#This Row],[VEICULO]]="CARRETA",5,IF(Tabela1316[[#This Row],[VEICULO]]="TRUCK BAU",3,0)) -> 5 | G71: CAJAMAR | H71: 53563 | I71: 46038 | J71: 46038 | K71: 532 | L71: OK | M71: PENDENTE | N71: LANÇADO | O71: 46042 | P71: =Tabela1316[[#This Row],[Valor_recibo]] -> 532 | R71: =VLOOKUP(#REF!,[2]Aprovados!A:A,1,0) -> #REF! | U71: PENDENTE | W71: LANÇADO | X71: 289.5 | Y71: 46038
A72: 22375965 | B72: 46037 | C72: LOURENÇO MALAFAIA | D72: =VLOOKUP(Tabela1316[[#This Row],[Motorista]],Planilha1!A:C,3,0) -> CARRETA | E72: =IF(Tabela1316[[#This Row],[VEICULO]]="CARRETA",5,IF(Tabela1316[[#This Row],[VEICULO]]="TRUCK BAU",3,0)) -> 5 | G72: SANTOS | H72: 154587 / 154588 / 154589 / 154590 / 154591 | I72: 46038 | J72: 46038 | K72: 532 | L72: OK | M72: PENDENTE | N72: LANÇADO | O72: 46043 | P72: =Tabela1316[[#This Row],[Valor_recibo]] -> 532 | R72: =VLOOKUP(#REF!,[2]Aprovados!A:A,1,0) -> #REF! | U72: PENDENTE | W72: LANÇADO | X72: 311 | Y72: 46038
A73: 22385819 | B73: 46037 | C73: EMERSON RABELO DIAS | D73: =VLOOKUP(Tabela1316[[#This Row],[Motorista]],Planilha1!A:C,3,0) -> TRUCK BAU | E73: =IF(Tabela1316[[#This Row],[VEICULO]]="CARRETA",5,IF(Tabela1316[[#This Row],[VEICULO]]="TRUCK BAU",3,0)) -> 3 | G73: OSASCO | H73: 154463 / 154462 / 154461 / 154460 / 154459 | I73: 46038 | J73: 46038 | K73: 350 | L73: OK | M73: PENDENTE | N73: LANÇADO | O73: 46043 | P73: =Tabela1316[[#This Row],[Valor_recibo]] -> 350 | R73: =VLOOKUP(#REF!,[2]Aprovados!A:A,1,0) -> #REF! | U73: PENDENTE | W73: LANÇADO | X73: 132 | Y73: 46038
A74: 22385825 | B74: 46037 | C74: ALMIR SANTANA DE SOUZA | D74: TRUCK BAU | E74: =IF(Tabela1316[[#This Row],[VEICULO]]="CARRETA",5,IF(Tabela1316[[#This Row],[VEICULO]]="TRUCK BAU",3,0)) -> 3 | G74: MAUA | H74: 154593/154592 | I74: 46038 | J74: 46038 | K74: 221 | L74: OK | M74: PENDENTE | N74: LANÇADO | O74: 46042 | P74: =Tabela1316[[#This Row],[Valor_recibo]] -> 221 | R74: =VLOOKUP(#REF!,[2]Aprovados!A:A,1,0) -> #REF! | U74: PENDENTE | W74: LANÇADO | X74: 42.43 | Y74: 46038
A75: 22389836 | B75: 46037 | C75: WELLINGTON BORGES | D75: TRUCK BAU | E75: =IF(Tabela1316[[#This Row],[VEICULO]]="CARRETA",5,IF(Tabela1316[[#This Row],[VEICULO]]="TRUCK BAU",3,0)) -> 3 | G75: OSASCO | H75: 154458 | I75: 46038 | J75: 46038 | K75: 250 | L75: OK | M75: PENDENTE | N75: LANÇADO | O75: 46042 | P75: =Tabela1316[[#This Row],[Valor_recibo]] -> 250 | R75: =VLOOKUP(#REF!,[2]Aprovados!A:A,1,0) -> #REF! | U75: PENDENTE | W75: LANÇADO | X75: 79.2 | Y75: 46038
A76: 22389860 | B76: 46037 | C76: JOAO BATISTA | D76: TRUCK BAU | E76: =IF(Tabela1316[[#This Row],[VEICULO]]="CARRETA",5,IF(Tabela1316[[#This Row],[VEICULO]]="TRUCK BAU",3,0)) -> 3 | G76: SAO PAULO | H76: 154615/154616 | I76: 46038 | J76: 46038 | K76: 400 | L76: OK | M76: PENDENTE | N76: LANÇADO | O76: 46042 | P76: =Tabela1316[[#This Row],[Valor_recibo]] -> 400 | R76: =VLOOKUP(#REF!,[2]Aprovados!A:A,1,0) -> #REF! | U76: PENDENTE | W76: LANÇADO | X76: 47.4 | Y76: 46042
A77: 22391532 | B77: 46038 | C77: THIAGO PANZELLI | D77: TRUCK BAU | E77: =IF(Tabela1316[[#This Row],[VEICULO]]="CARRETA",5,IF(Tabela1316[[#This Row],[VEICULO]]="TRUCK BAU",3,0)) -> 3 | G77: SAO PAULO | H77: 154880 / 154881 / 154882 | I77: 46041 | J77: 46041 | K77: 228 | L77: OK | M77: PENDENTE | N77: LANÇADO | O77: 46043 | P77: =Tabela1316[[#This Row],[Valor_recibo]] -> 228 | R77: =VLOOKUP(#REF!,[2]Aprovados!A:A,1,0) -> #REF! | U77: PENDENTE | W77: LANÇADO | X77: 47.4 | Y77: 46041
A78: 22395713 | B78: 46038 | C78: ELTON MORGADO | D78: =VLOOKUP(Tabela1316[[#This Row],[Motorista]],Planilha1!A:C,3,0) -> TRUCK BAU | E78: =IF(Tabela1316[[#This Row],[VEICULO]]="CARRETA",5,IF(Tabela1316[[#This Row],[VEICULO]]="TRUCK BAU",3,0)) -> 3 | G78: MAUA | H78: 154876 | I78: 46041 | J78: 46041 | K78: 238 | L78: OK | M78: PENDENTE | N78: LANÇADO | O78: 46050 | P78: =Tabela1316[[#This Row],[Valor_recibo]] -> 238 | R78: =VLOOKUP(#REF!,[2]Aprovados!A:A,1,0) -> #REF! | U78: PENDENTE | W78: LANÇADO | X78: 38.1 | Y78: 46041
A79: 22396286 | B79: 46038 | C79: JOAO BATISTA | D79: TRUCK BAU | E79: =IF(Tabela1316[[#This Row],[VEICULO]]="CARRETA",5,IF(Tabela1316[[#This Row],[VEICULO]]="TRUCK BAU",3,0)) -> 3 | G79: SANTO ANDRE | H79: 154878/154877 | I79: 46041 | J79: 46041 | K79: 266 | L79: OK | M79: PENDENTE | N79: LANÇADO | O79: 46048 | P79: =Tabela1316[[#This Row],[Valor_recibo]] -> 266 | R79: =VLOOKUP(#REF!,[2]Aprovados!A:A,1,0) -> #REF! | U79: PENDENTE | W79: LANÇADO | X79: 38.1 | Y79: 46041
A80: 22398142 | B80: 46038 | C80: EMERSON RABELO DIAS | D80: =VLOOKUP(Tabela1316[[#This Row],[Motorista]],Planilha1!A:C,3,0) -> TRUCK BAU | E80: =IF(Tabela1316[[#This Row],[VEICULO]]="CARRETA",5,IF(Tabela1316[[#This Row],[VEICULO]]="TRUCK BAU",3,0)) -> 3 | G80: BARUERI | H80: 154859 / 154860 / 154861 | I80: 46041 | J80: 46041 | K80: 266 | L80: OK | M80: PENDENTE | N80: LANÇADO | O80: 46043 | P80: =Tabela1316[[#This Row],[Valor_recibo]] -> 266 | R80: =VLOOKUP(#REF!,[2]Aprovados!A:A,1,0) -> #REF! | U80: PENDENTE | W80: LANÇADO | X80: 79.5 | Y80: 46041
A81: 22377833 | B81: 46038 | C81: THIAGO BARROS | D81: CARRETA | E81: =IF(Tabela1316[[#This Row],[VEICULO]]="CARRETA",5,IF(Tabela1316[[#This Row],[VEICULO]]="TRUCK BAU",3,0)) -> 5 | G81: EMBU DAS ARTES | M81: PENDENTE | N81: PENDENTE | P81: =Tabela1316[[#This Row],[Valor_recibo]] -> 0 | R81: =VLOOKUP(#REF!,[2]Aprovados!A:A,1,0) -> #REF! | U81: PENDENTE | W81: LANÇADO | X81: 100 | Y81: 46041
A82: 22402958 | B82: 46038 | C82: LOURENÇO MALAFAIA | D82: =VLOOKUP(Tabela1316[[#This Row],[Motorista]],Planilha1!A:C,3,0) -> CARRETA | E82: =IF(Tabela1316[[#This Row],[VEICULO]]="CARRETA",5,IF(Tabela1316[[#This Row],[VEICULO]]="TRUCK BAU",3,0)) -> 5 | G82: JAU | H82: 155220 | I82: 46041 | J82: 46041 | K82: 650 | L82: OK | M82: PENDENTE | N82: LANÇADO | O82: 46048 | P82: =Tabela1316[[#This Row],[Valor_recibo]] -> 650 | R82: =VLOOKUP(#REF!,[2]Aprovados!A:A,1,0) -> #REF! | U82: PENDENTE | W82: LANÇADO | X82: 847.6 | Y82: 46041
A83: 22337755 | B83: 46038 | C83: ALMIR SANTANA DE SOUZA | D83: TRUCK BAU | E83: =IF(Tabela1316[[#This Row],[VEICULO]]="CARRETA",5,IF(Tabela1316[[#This Row],[VEICULO]]="TRUCK BAU",3,0)) -> 3 | G83: PIRACICABA | H83: 155008 / 155009 / 155010 | I83: 46041 | J83: 46041 | K83: 247 | L83: OK | M83: PENDENTE | N83: LANÇADO | O83: 46043 | P83: =Tabela1316[[#This Row],[Valor_recibo]] -> 247 | R83: =VLOOKUP(#REF!,[2]Aprovados!A:A,1,0) -> #REF! | U83: PENDENTE | W83: LANÇADO | X83: 267.3 | Y83: 46041
A84: 22344827 | B84: 46038 | C84: WELLINGTON BORGES | D84: TRUCK BAU | E84: =IF(Tabela1316[[#This Row],[VEICULO]]="CARRETA",5,IF(Tabela1316[[#This Row],[VEICULO]]="TRUCK BAU",3,0)) -> 3 | G84: JUNDIAI | H84: 155140 / 55141 | I84: 46041 | J84: 46041 | K84: 375 | L84: OK | M84: PENDENTE | N84: LANÇADO | O84: 46043 | P84: =Tabela1316[[#This Row],[Valor_recibo]] -> 375 | R84: =VLOOKUP(#REF!,[2]Aprovados!A:A,1,0) -> #REF! | U84: PENDENTE | W84: LANÇADO | X84: 139.8 | Y84: 46041
A85: 22376284 | B85: 46038 | C85: MARIO ADRIANO SILVA | D85: =VLOOKUP(Tabela1316[[#This Row],[Motorista]],Planilha1!A:C,3,0) -> CARRETA | E85: =IF(Tabela1316[[#This Row],[VEICULO]]="CARRETA",5,IF(Tabela1316[[#This Row],[VEICULO]]="TRUCK BAU",3,0)) -> 5 | G85: CAJAMAR | M85: PENDENTE | N85: PENDENTE | P85: =Tabela1316[[#This Row],[Valor_recibo]] -> 0 | R85: =VLOOKUP(#REF!,[2]Aprovados!A:A,1,0) -> #REF! | U85: PENDENTE | W85: LANÇADO | X85: 289.5 | Y85: 46041
A86: 22330068 | B86: 46038 | C86: CARLOS SOARES | D86: CARRETA | E86: =IF(Tabela1316[[#This Row],[VEICULO]]="CARRETA",5,IF(Tabela1316[[#This Row],[VEICULO]]="TRUCK BAU",3,0)) -> 5 | G86: CAJAMAR | H86: 151587/151588 | I86: 46040 | J86: 46040 | K86: 0 | L86: OK | M86: PENDENTE | O86: 46048 | P86: =Tabela1316[[#This Row],[Valor_recibo]] -> 0 | R86: =VLOOKUP(#REF!,[2]Aprovados!A:A,1,0) -> #REF! | U86: PENDENTE | W86: LANÇADO | X86: 289.5 | Y86: 46041
A87: 22391029 | B87: 46041 | C87: SEVERINO JOSE DA SILVA | D87: =VLOOKUP(Tabela1316[[#This Row],[Motorista]],Planilha1!A:C,3,0) -> CARRETA | E87: =IF(Tabela1316[[#This Row],[VEICULO]]="CARRETA",5,IF(Tabela1316[[#This Row],[VEICULO]]="TRUCK BAU",3,0)) -> 5 | G87: CAJAMAR | H87: 154229 | I87: 46042 | J87: 46042 | K87: 0 | L87: OK | M87: PENDENTE | O87: 46048 | P87: =Tabela1316[[#This Row],[Valor_recibo]] -> 0 | R87: =VLOOKUP(#REF!,[2]Aprovados!A:A,1,0) -> #REF! | U87: PENDENTE | W87: LANÇADO | X87: 289.5 | Y87: 46042
A88: 22398083 | B88: 46041 | C88: ROMULO BENEDITO | D88: TRUCK BAU | E88: =IF(Tabela1316[[#This Row],[VEICULO]]="CARRETA",5,IF(Tabela1316[[#This Row],[VEICULO]]="TRUCK BAU",3,0)) -> 3 | G88: ITUPEVA | M88: PENDENTE | N88: PENDENTE | P88: =Tabela1316[[#This Row],[Valor_recibo]] -> 0 | R88: =VLOOKUP(#REF!,[2]Aprovados!A:A,1,0) -> #REF! | U88: PENDENTE | W88: LANÇADO | X88: 109.2 | Y88: 46042
A89: 22402165 | B89: 46041 | C89: EMERSON RABELO DIAS | D89: =VLOOKUP(Tabela1316[[#This Row],[Motorista]],Planilha1!A:C,3,0) -> TRUCK BAU | E89: =IF(Tabela1316[[#This Row],[VEICULO]]="CARRETA",5,IF(Tabela1316[[#This Row],[VEICULO]]="TRUCK BAU",3,0)) -> 3 | G89: RIO CLARO | H89: 155543/155544 | I89: 46042 | J89: 46042 | K89: 266 | L89: OK | M89: PENDENTE | N89: LANÇADO | O89: 46048 | P89: =Tabela1316[[#This Row],[Valor_recibo]] -> 266 | R89: =VLOOKUP(#REF!,[2]Aprovados!A:A,1,0) -> #REF! | U89: PENDENTE | W89: LANÇADO | X89: 319.5 | Y89: 46042
A90: 22404560 | B90: 46041 | C90: ALMIR SANTANA DE SOUZA | D90: TRUCK BAU | E90: =IF(Tabela1316[[#This Row],[VEICULO]]="CARRETA",5,IF(Tabela1316[[#This Row],[VEICULO]]="TRUCK BAU",3,0)) -> 3 | G90: SANTO ANDRE | H90: 155498 / 0155499 / 0155400 | I90: 46042 | J90: 46042 | K90: 238 | L90: OK | M90: PENDENTE | N90: LANÇADO | O90: 46043 | P90: =Tabela1316[[#This Row],[Valor_recibo]] -> 238 | R90: =VLOOKUP(#REF!,[2]Aprovados!A:A,1,0) -> #REF! | U90: PENDENTE | W90: LANÇADO | X90: 38.1 | Y90: 46042
A91: 22404638 | B91: 46041 | C91: WELLINGTON BORGES | D91: TRUCK BAU | E91: =IF(Tabela1316[[#This Row],[VEICULO]]="CARRETA",5,IF(Tabela1316[[#This Row],[VEICULO]]="TRUCK BAU",3,0)) -> 3 | G91: ITAQUAQUECETUBA | H91: 155545 / 155546 / 155547 / 155548 / 155549 | I91: 46042 | J91: 46042 | K91: 209.19 | L91: OK | M91: PENDENTE | N91: LANÇADO | O91: 46043 | P91: =Tabela1316[[#This Row],[Valor_recibo]] -> 209.19 | R91: =VLOOKUP(#REF!,[2]Aprovados!A:A,1,0) -> #REF! | U91: PENDENTE | W91: LANÇADO | X91: 25.8 | Y91: 46042
A92: 22432760 | B92: 46042 | C92: THIAGO PANZELLI | D92: TRUCK BAU | E92: =IF(Tabela1316[[#This Row],[VEICULO]]="CARRETA",5,IF(Tabela1316[[#This Row],[VEICULO]]="TRUCK BAU",3,0)) -> 3 | G92: SAO PAULO | H92: 155880/155881/155882 | I92: 46043 | J92: 46043 | K92: 266 | L92: OK | M92: PENDENTE | N92: LANÇADO | O92: 46048 | P92: =Tabela1316[[#This Row],[Valor_recibo]] -> 266 | R92: =VLOOKUP(#REF!,[2]Aprovados!A:A,1,0) -> #REF! | U92: PENDENTE | W92: LANÇADO | X92: 47.4 | Y92: 46043
A93: 22434163 | B93: 46042 | C93: WELLINGTON BORGES | D93: TRUCK BAU | E93: =IF(Tabela1316[[#This Row],[VEICULO]]="CARRETA",5,IF(Tabela1316[[#This Row],[VEICULO]]="TRUCK BAU",3,0)) -> 3 | G93: OSASCO | M93: PENDENTE | N93: PENDENTE | P93: =Tabela1316[[#This Row],[Valor_recibo]] -> 0 | R93: =VLOOKUP(#REF!,[2]Aprovados!A:A,1,0) -> #REF! | U93: PENDENTE | W93: LANÇADO | X93: 79.2 | Y93: 46043
A94: 22336544 | B94: 46042 | C94: EVANDRO DE ROSSI | D94: =VLOOKUP(Tabela1316[[#This Row],[Motorista]],Planilha1!A:C,3,0) -> CARRETA | E94: =IF(Tabela1316[[#This Row],[VEICULO]]="CARRETA",5,IF(Tabela1316[[#This Row],[VEICULO]]="TRUCK BAU",3,0)) -> 5 | G94: OSASCO | H94: 152025/152026 | I94: 46043 | J94: 46043 | K94: 187 | L94: OK | M94: PENDENTE | N94: LANÇADO | O94: 46048 | P94: =Tabela1316[[#This Row],[Valor_recibo]] -> 187 | R94: =VLOOKUP(#REF!,[2]Aprovados!A:A,1,0) -> #REF! | U94: PENDENTE | W94: LANÇADO | X94: 132 | Y94: 46043
A95: 22391508 | B95: 46043 | C95: MARIO ADRIANO SILVA | D95: =VLOOKUP(Tabela1316[[#This Row],[Motorista]],Planilha1!A:C,3,0) -> CARRETA | E95: =IF(Tabela1316[[#This Row],[VEICULO]]="CARRETA",5,IF(Tabela1316[[#This Row],[VEICULO]]="TRUCK BAU",3,0)) -> 5 | G95: JACAREI | H95: 156197 / 156198 | I95: 46044 | J95: 46044 | K95: 476 | L95: OK | M95: PENDENTE | N95: LANÇADO | O95: 46052 | P95: =Tabela1316[[#This Row],[Valor_recibo]] -> 476 | R95: =VLOOKUP(#REF!,[2]Aprovados!A:A,1,0) -> #REF! | U95: PENDENTE | W95: LANÇADO | X95: 149.5 | Y95: 46044
A96: 22451645 | B96: 46043 | C96: LEONARDO BADESKI | D96: =VLOOKUP(Tabela1316[[#This Row],[Motorista]],Planilha1!A:C,3,0) -> CARRETA | E96: =IF(Tabela1316[[#This Row],[VEICULO]]="CARRETA",5,IF(Tabela1316[[#This Row],[VEICULO]]="TRUCK BAU",3,0)) -> 5 | G96: ARUJA | H96: 54074 | I96: 46044 | J96: 46044 | K96: 0 | L96: OK | M96: PENDENTE | O96: 46048 | P96: =Tabela1316[[#This Row],[Valor_recibo]] -> 0 | R96: =VLOOKUP(#REF!,[2]Aprovados!A:A,1,0) -> #REF! | U96: PENDENTE | W96: LANÇADO | X96: 19.5 | Y96: 46044
A97: 22433734 | B97: 46043 | C97: THIAGO BARROS | D97: CARRETA | E97: =IF(Tabela1316[[#This Row],[VEICULO]]="CARRETA",5,IF(Tabela1316[[#This Row],[VEICULO]]="TRUCK BAU",3,0)) -> 5 | G97: ARUJA | M97: PENDENTE | N97: PENDENTE | P97: =Tabela1316[[#This Row],[Valor_recibo]] -> 0 | R97: =VLOOKUP(#REF!,[2]Aprovados!A:A,1,0) -> #REF! | U97: PENDENTE | W97: LANÇADO | X97: 19.5 | Y97: 46044
A98: 22433732 | B98: 46043 | C98: SEVERINO JOSE DA SILVA | D98: =VLOOKUP(Tabela1316[[#This Row],[Motorista]],Planilha1!A:C,3,0) -> CARRETA | E98: =IF(Tabela1316[[#This Row],[VEICULO]]="CARRETA",5,IF(Tabela1316[[#This Row],[VEICULO]]="TRUCK BAU",3,0)) -> 5 | G98: ARUJA | H98: 54059 | I98: 46044 | J98: 46044 | K98: 0 | L98: OK | M98: PENDENTE | O98: 46048 | P98: =Tabela1316[[#This Row],[Valor_recibo]] -> 0 | R98: =VLOOKUP(#REF!,[2]Aprovados!A:A,1,0) -> #REF! | U98: PENDENTE | W98: LANÇADO | X98: 19.5 | Y98: 46044
A99: 22433733 | B99: 46043 | C99: LEONEL SERVALO | D99: =VLOOKUP(Tabela1316[[#This Row],[Motorista]],Planilha1!A:C,3,0) -> CARRETA | E99: =IF(Tabela1316[[#This Row],[VEICULO]]="CARRETA",5,IF(Tabela1316[[#This Row],[VEICULO]]="TRUCK BAU",3,0)) -> 5 | G99: ARUJA | H99: 54055 | I99: 46043 | J99: 46043 | K99: 0 | L99: OK | M99: PENDENTE | O99: 46048 | P99: =Tabela1316[[#This Row],[Valor_recibo]] -> 0 | R99: =VLOOKUP(#REF!,[2]Aprovados!A:A,1,0) -> #REF! | U99: PENDENTE | W99: LANÇADO | X99: 19.5 | Y99: 46044
A100: 22439704 | B100: 46043 | C100: DANILO JUSTINO MENDES | D100: =VLOOKUP(Tabela1316[[#This Row],[Motorista]],Planilha1!A:C,3,0) -> TRUCK BAU | E100: =IF(Tabela1316[[#This Row],[VEICULO]]="CARRETA",5,IF(Tabela1316[[#This Row],[VEICULO]]="TRUCK BAU",3,0)) -> 3 | G100: SAO PAULO | H100: 156280/156281/156282/156283 | I100: 46044 | J100: 46044 | K100: 238 | L100: OK | M100: PENDENTE | N100: LANÇADO | O100: 46049 | P100: =Tabela1316[[#This Row],[Valor_recibo]] -> 238 | R100: =VLOOKUP(#REF!,[2]Aprovados!A:A,1,0) -> #REF! | U100: PENDENTE | W100: LANÇADO | X100: 47.4 | Y100: 46044
...

Sheet Planilha1
A1: MOTORISTA | B1: CARRETA | C1: PERFIL
A2: SILAS RODRIGO DE SENA | B2: NFK5119 | C2: CARRETA
A3: SEVERINO JOSE DA SILVA | B3: NGX2398 | C3: CARRETA
A4: LEONARDO BADESKI | B4: FCB0J63 | C4: CARRETA
A5: MARIO ADRIANO SILVA | B5: NFS3802 | C5: CARRETA
A6: LOURENÇO MALAFAIA | B6: EFU9730 | C6: CARRETA
A7: DANILO JUSTINO MENDES | C7: TRUCK BAU
A8: IVAN RODRIGUES | B8: NKB5953 | C8: CARRETA
A9: EVANDRO DE ROSSI | B9: NFC4392 | C9: CARRETA
A10: JOSE CICERO | B10: EFV5167 | C10: CARRETA
A11: EMERSON RABELO DIAS | C11: TRUCK BAU
A12: JACKSON MARCELINO | B12: NKB5903 | C12: CARRETA
A13: VALDOMIRO JOSE | C13: TRUCK BAU
A14: CELSO MASSARU SHIMAZAKI | C14: TRUCK BAU
A15: ELTON MORGADO | C15: TRUCK BAU
A16: EMERSON RABELO DIAS | C16: TRUCK BAU
A17: WELLINGTON GODOY | C17: TRUCK
A18: BRUNO FERREIRA OLIVEIRA | B18: NFJ5268 | C18: CARRETA
A19: SEVERINO JOSE DA SILVA | B19: NKB5903 | C19: CARRETA
A20: EVANDRO DE ROSSI | B20: NFC4392 | C20: CARRETA
A21: LEONARDO BADESKI | B21: FCB0J63 | C21: CARRETA
A22: MARIO ADRIANO SILVA | B22: NFS3802 | C22: CARRETA
A23: LOURENÇO MALAFAIA | B23: EFU9730 | C23: CARRETA
A24: LEONARDO BADESKI | B24: FCB0J63 | C24: CARRETA
A25: ALMIR SANTANA DE SOUZA | C25: TRUCK
A26: SEVERINO JOSE DA SILVA | B26: NKB5903 | C26: CARRETA
A27: BRUNO FERREIRA OLIVEIRA | B27: NFJ5268 | C27: CARRETA
A28: MARIO ADRIANO SILVA | B28: NFS3802 | C28: CARRETA
A29: LEONARDO BADESKI | B29: FCB0J63 | C29: CARRETA
A30: LOURENÇO MALAFAIA | B30: EFU9730 | C30: CARRETA
A31: CELSO MASSARU SHIMAZAKI | C31: TRUCK
A32: THIAGO PANZELLI | C32: TRUCK
A33: SILAS RODRIGO DE SENA | B33: NFK5119 | C33: CARRETA
A34: ROMULO BENEDITO | C34: TRUCK
A35: VALDOMIRO JOSE | C35: TRUCK
A36: EVANDRO DE ROSSI | B36: NFC4392 | C36: CARRETA
A37: WELLINGTON GODOY | C37: TRUCK
A38: DANILO JUSTINO MENDES | C38: TRUCK BAU
A39: JOÃO BATISTA - RECUSA MADERITE | C39: TRUCK
A40: JOSE CICERO | B40: EFV5167 | C40: CARRETA
A41: EMERSON RABELO DIAS | C41: TRUCK
A42: LOURENÇO MALAFAIA | B42: EFU9730 | C42: CARRETA
A43: MARIO ADRIANO SILVA | B43: NFS3802 | C43: CARRETA
A44: JOSE CICERO | B44: EFV5167 | C44: CARRETA
A45: SEVERINO JOSE DA SILVA | B45: NKB5903 | C45: CARRETA
A46: JOAO BATISTA | C46: TRUCK
A47: LEONARDO BADESKI | B47: FCB0J63 | C47: CARRETA
A48: EMERSON RABELO DIAS | C48: TRUCK
A49: ELTON MORGADO | C49: TRUCK
A50: VALDOMIRO JOSE | C50: TRUCK
A51: IVAN RODRIGUES | B51: NKB5953 | C51: CARRETA
A52: BRUNO FERREIRA OLIVEIRA | B52: NFJ5268 | C52: CARRETA
A53: THIAGO PANZELLI | C53: TRUCK
A54: CELSO MASSARU SHIMAZAKI | C54: TRUCK
A55: HERMINIO VALENTIM FACHINETTE | C55: TRUCK
A56: ALMIR SANTANA DE SOUZA | C56: TRUCK BAU
A57: EVANDRO DE ROSSI | B57: NFC4392 | C57: CARRETA
A58: MARCOS ROGERIO | B58: NJX3594 | C58: CARRETA
A59: SEVERINO JOSE DA SILVA | B59: NKB5903 | C59: CARRETA
A60: ALMIR SANTANA DE SOUZA | C60: TRUCK
A61: THIAGO PANZELLI | C61: TRUCK
A62: EMERSON RABELO DIAS | C62: TRUCK
A63: ELTON MORGADO | C63: TRUCK
A64: JACKSON MARCELINO | B64: NFK5119 | C64: CARRETA
A65: JOSE CICERO | B65: EFV5167 | C65: CARRETA
A66: VALDOMIRO JOSE | C66: TRUCK
A67: LOURENÇO MALAFAIA | B67: EFU9730 | C67: CARRETA
A68: LEONARDO BADESKI | B68: FCB0J63 | C68: CARRETA
A69: JUVÊNCI0-INFILTRAÇÃO | C69: TRUCK
A70: ALMIR SANTANA DE SOUZA | C70: TRUCK
A71: DANILO JUSTINO MENDES | C71: TRUCK
A72: EMERSON RABELO DIAS | C72: TRUCK
A73: WELLINGTON BORGES | C73: TRUCK
A74: CELSO MASSARU SHIMAZAKI | C74: TRUCK
A75: EVANDRO DE ROSSI | B75: NFC4392 | C75: CARRETA
A76: LOURENÇO MALAFAIA | B76: NJX3594 | C76: CARRETA
A77: BRUNO FERREIRA OLIVEIRA | B77: NFJ5268 | C77: CARRETA
A78: MARIO ADRIANO SILVA | B78: NFS3802 | C78: CARRETA
A79: SEVERINO JOSE DA SILVA | B79: NKB5903 | C79: CARRETA
A80: EVANDRO DE ROSSI | B80: NKI8083 | C80: CARRETA
A81: LEONARDO BADESKI | B81: FCB0J63 | C81: CARRETA
A82: LOURENÇO MALAFAIA | B82: NJX3594 | C82: CARRETA
A83: SILAS RODRIGO DE SENA | B83: NFK5119 | C83: CARRETA
A84: EMERSON RABELO DIAS | C84: TRUCK
A85: ALMIR SANTANA DE SOUZA | C85: TRUCK
A86: WELLINGTON BORGES | C86: TRUCK
A87: JOAO BATISTA | C87: TRUCK
A88: CARLOS SOARES | B88: FCB0J82 | C88: CARRETA BAU
A89: THIAGO PANZELLI | C89: TRUCK
A90: ELTON MORGADO | C90: TRUCK
A91: JOAO BATISTA | C91: TRUCK
A92: EMERSON RABELO DIAS | C92: TRUCK
A93: SILAS RODRIGO DE SENA | B93: NFK5119 | C93: CARRETA BAU
A94: THIAGO BARROS | B94: NGX2398 | C94: CARRETA BAU
A95: LOURENÇO MALAFAIA | B95: NJX3594 | C95: CARRETA BAU
A96: ALMIR SANTANA DE SOUZA | C96: TRUCK
A97: CELSO MASSARU SHIMAZAKI | C97: TRUCK
A98: SEVERINO JOSE DA SILVA | C98: CARRETA BAU
A99: WELLINGTON BORGES | C99: TRUCK
A100: MARIO ADRIANO SILVA | B100: NFS3802 | C100: CARRETA BAU
...

Sheet FEVEREIRO 2026
K1: =SUBTOTAL(9,Tabela131617[Valor_recibo]) -> 0 | N1: =SUBTOTAL(9,Tabela131617[Match_Planilha]) -> 0 | O1: =SUBTOTAL(9,O3:O565) -> 0 | R1: =SUBTOTAL(9,R3:R244) -> 0 | S1: PEDAGIO
A2: DT | B2: Data coleta | C2: Motorista | D2: Cliente/Fornecedor | E2: Local | F2: Numero NF | G2: Data canhoto | H2: Data recibo | I2: Valor_recibo | J2: Scaner | K2: APROVAÇÃO_SUZANO | L2: status forms | M2: Data lançamento | N2: Match_Planilha | O2: Dif | P2: DTS APROVADAS | Q2: CTE COMPLEMENTAR | R2: VALOR | S2: STATUS REC CLIENTE | T2: DATA LANÇAMENTO2 | U2: Forms Pedagio | V2: valor | W2: Data lançamento | X2: obs
A3: 22215673 | C3: SEVERINO JOSE DA SILVA | E3: CAJAMAR | K3: PENDENTE | L3: PENDENTE | N3: =Tabela131617[[#This Row],[Valor_recibo]] -> 0 | P3: =VLOOKUP(Tabela131617[[#This Row],[DT]],Aprovados!A:A,1,0) -> #N/A | S3: PENDENTE | U3: LANÇADO | V3: 289.5 | W3: 46021
A4: 22215877 | C4: IZAIAS VARJAO | E4: CAJAMAR | K4: PENDENTE | L4: PENDENTE | N4: =Tabela131617[[#This Row],[Valor_recibo]] -> 0 | P4: =VLOOKUP(Tabela131617[[#This Row],[DT]],Aprovados!A:A,1,0) -> #N/A | S4: PENDENTE | U4: LANÇADO | V4: 289.5 | W4: 46021
A5: 22215879 | C5: LEONARDO BADESKI | E5: CAJAMAR | K5: PENDENTE | L5: PENDENTE | N5: =Tabela131617[[#This Row],[Valor_recibo]] -> 0 | P5: =VLOOKUP(Tabela131617[[#This Row],[DT]],Aprovados!A:A,1,0) -> #N/A | S5: PENDENTE | U5: LANÇADO | V5: 289.5 | W5: 46021
A6: 22219964 | C6: MARIO ADRIANO SILVA | E6: SUMARE | K6: PENDENTE | L6: PENDENTE | N6: =Tabela131617[[#This Row],[Valor_recibo]] -> 0 | P6: =VLOOKUP(Tabela131617[[#This Row],[DT]],Aprovados!A:A,1,0) -> #N/A | S6: PENDENTE | U6: LANÇADO | V6: 331.5 | W6: 46021
A7: 22198401 | C7: JACKSON MARCELINO | E7: CAJAMAR | K7: PENDENTE | L7: PENDENTE | N7: =Tabela131617[[#This Row],[Valor_recibo]] -> 0 | P7: =VLOOKUP(Tabela131617[[#This Row],[DT]],Aprovados!A:A,1,0) -> #N/A | S7: PENDENTE | U7: LANÇADO | V7: 289.5 | W7: 46021
K8: PENDENTE | L8: PENDENTE | N8: =Tabela131617[[#This Row],[Valor_recibo]] -> 0 | P8: =VLOOKUP(Tabela131617[[#This Row],[DT]],Aprovados!A:A,1,0) -> #N/A | S8: PENDENTE | U8: PENDENTE
K9: PENDENTE | L9: PENDENTE | N9: =Tabela131617[[#This Row],[Valor_recibo]] -> 0 | P9: =VLOOKUP(Tabela131617[[#This Row],[DT]],Aprovados!A:A,1,0) -> #N/A | S9: PENDENTE | U9: PENDENTE
K10: PENDENTE | L10: PENDENTE | N10: =Tabela131617[[#This Row],[Valor_recibo]] -> 0 | P10: =VLOOKUP(Tabela131617[[#This Row],[DT]],Aprovados!A:A,1,0) -> #N/A | S10: PENDENTE | U10: PENDENTE
K11: PENDENTE | L11: PENDENTE | N11: =Tabela131617[[#This Row],[Valor_recibo]] -> 0 | P11: =VLOOKUP(Tabela131617[[#This Row],[DT]],Aprovados!A:A,1,0) -> #N/A | S11: PENDENTE | U11: PENDENTE
K12: PENDENTE | L12: PENDENTE | N12: =Tabela131617[[#This Row],[Valor_recibo]] -> 0 | P12: =VLOOKUP(Tabela131617[[#This Row],[DT]],Aprovados!A:A,1,0) -> #N/A | S12: PENDENTE | U12: PENDENTE
K13: PENDENTE | L13: PENDENTE | N13: =Tabela131617[[#This Row],[Valor_recibo]] -> 0 | P13: =VLOOKUP(Tabela131617[[#This Row],[DT]],Aprovados!A:A,1,0) -> #N/A | S13: PENDENTE | U13: PENDENTE
K14: PENDENTE | L14: PENDENTE | N14: =Tabela131617[[#This Row],[Valor_recibo]] -> 0 | P14: =VLOOKUP(Tabela131617[[#This Row],[DT]],Aprovados!A:A,1,0) -> #N/A | S14: PENDENTE | U14: PENDENTE
K15: PENDENTE | L15: PENDENTE | N15: =Tabela131617[[#This Row],[Valor_recibo]] -> 0 | P15: =VLOOKUP(Tabela131617[[#This Row],[DT]],Aprovados!A:A,1,0) -> #N/A | S15: PENDENTE | U15: PENDENTE
K16: PENDENTE | L16: PENDENTE | N16: =Tabela131617[[#This Row],[Valor_recibo]] -> 0 | P16: =VLOOKUP(Tabela131617[[#This Row],[DT]],Aprovados!A:A,1,0) -> #N/A | S16: PENDENTE | U16: PENDENTE
K17: PENDENTE | L17: PENDENTE | N17: =Tabela131617[[#This Row],[Valor_recibo]] -> 0 | P17: =VLOOKUP(Tabela131617[[#This Row],[DT]],Aprovados!A:A,1,0) -> #N/A | S17: PENDENTE | U17: PENDENTE
K18: PENDENTE | L18: PENDENTE | N18: =Tabela131617[[#This Row],[Valor_recibo]] -> 0 | P18: =VLOOKUP(Tabela131617[[#This Row],[DT]],Aprovados!A:A,1,0) -> #N/A | S18: PENDENTE | U18: PENDENTE
K19: PENDENTE | L19: PENDENTE | N19: =Tabela131617[[#This Row],[Valor_recibo]] -> 0 | P19: =VLOOKUP(Tabela131617[[#This Row],[DT]],Aprovados!A:A,1,0) -> #N/A | S19: PENDENTE | U19: PENDENTE
... K244: PENDENTE | L244: PENDENTE | N244: =Tabela131617[[#This Row],[Valor_recibo]] -> 0 | P244: =VLOOKUP(Tabela131617[[#This Row],[DT]],Aprovados!A:A,1,0) -> #N/A | S244: PENDENTE | U244: PENDENTE
K245: PENDENTE | L245: PENDENTE | N245: =Tabela131617[[#This Row],[Valor_recibo]] -> 0 | P245: =VLOOKUP(Tabela131617[[#This Row],[DT]],Aprovados!A:A,1,0) -> #N/A | U245: PENDENTE
K246: PENDENTE | L246: PENDENTE | N246: =Tabela131617[[#This Row],[Valor_recibo]] -> 0 | P246: =VLOOKUP(Tabela131617[[#This Row],[DT]],Aprovados!A:A,1,0) -> #N/A | U246: PENDENTE
K247: PENDENTE | L247: PENDENTE | N247: =Tabela131617[[#This Row],[Valor_recibo]] -> 0 | P247: =VLOOKUP(Tabela131617[[#This Row],[DT]],Aprovados!A:A,1,0) -> #N/A | U247: PENDENTE
K248: PENDENTE | L248: PENDENTE | N248: =Tabela131617[[#This Row],[Valor_recibo]] -> 0 | P248: =VLOOKUP(Tabela131617[[#This Row],[DT]],Aprovados!A:A,1,0) -> #N/A | U248: PENDENTE
K249: PENDENTE | L249: PENDENTE | N249: =Tabela131617[[#This Row],[Valor_recibo]] -> 0 | P249: =VLOOKUP(Tabela131617[[#This Row],[DT]],Aprovados!A:A,1,0) -> #N/A | U249: PENDENTE
K250: PENDENTE | L250: PENDENTE | N250: =Tabela131617[[#This Row],[Valor_recibo]] -> 0 | P250: =VLOOKUP(Tabela131617[[#This Row],[DT]],Aprovados!A:A,1,0) -> #N/A | U250: PENDENTE
K251: PENDENTE | L251: PENDENTE | N251: =Tabela131617[[#This Row],[Valor_recibo]] -> 0 | P251: =VLOOKUP(Tabela131617[[#This Row],[DT]],Aprovados!A:A,1,0) -> #N/A | U251: PENDENTE
K252: PENDENTE | L252: PENDENTE | N252: =Tabela131617[[#This Row],[Valor_recibo]] -> 0 | P252: =VLOOKUP(Tabela131617[[#This Row],[DT]],Aprovados!A:A,1,0) -> #N/A | U252: PENDENTE
K253: PENDENTE | L253: PENDENTE | N253: =Tabela131617[[#This Row],[Valor_recibo]] -> 0 | P253: =VLOOKUP(Tabela131617[[#This Row],[DT]],Aprovados!A:A,1,0) -> #N/A | U253: PENDENTE
K254: PENDENTE | L254: PENDENTE | N254: =Tabela131617[[#This Row],[Valor_recibo]] -> 0 | P254: =VLOOKUP(Tabela131617[[#This Row],[DT]],Aprovados!A:A,1,0) -> #N/A | U254: PENDENTE
K255: PENDENTE | L255: PENDENTE | N255: =Tabela131617[[#This Row],[Valor_recibo]] -> 0 | P255: =VLOOKUP(Tabela131617[[#This Row],[DT]],Aprovados!A:A,1,0) -> #N/A | U255: PENDENTE
K256: PENDENTE | L256: PENDENTE | N256: =Tabela131617[[#This Row],[Valor_recibo]] -> 0 | P256: =VLOOKUP(Tabela131617[[#This Row],[DT]],Aprovados!A:A,1,0) -> #N/A | U256: PENDENTE
... K565: PENDENTE | L565: PENDENTE | N565: =Tabela131617[[#This Row],[Valor_recibo]] -> 0 | P565: =VLOOKUP(Tabela131617[[#This Row],[DT]],Aprovados!A:A,1,0) -> #N/A | U565: PENDENTE
J571: 2W

Sheet MARÇO 2026
K1: =SUBTOTAL(9,Tabela13161718[Valor_recibo]) -> 0 | N1: =SUBTOTAL(9,Tabela13161718[Match_Planilha]) -> 0 | O1: =SUBTOTAL(9,O3:O574) -> 0 | R1: =SUBTOTAL(9,R3:R196) -> 0 | S1: PEDAGIO
A2: DT | B2: Data coleta | C2: Motorista | D2: Cliente/Fornecedor | E2: Local | F2: Numero NF | G2: Data canhoto | H2: Data recibo | I2: Valor_recibo | J2: Scaner | K2: APROVAÇÃO_SUZANO | L2: status forms | M2: Data lançamento | N2: Match_Planilha | O2: Dif | P2: DTS APROVADAS | Q2: CTE COMPLEMENTAR | R2: VALOR | S2: STATUS REC CLIENTE | T2: DATA LANÇAMENTO2 | U2: Forms Pedagio | V2: Valor | W2: Data lançamento | X2: obs
K3: PENDENTE | L3: PENDENTE | N3: =Tabela13161718[[#This Row],[Valor_recibo]] -> 0 | P3: =VLOOKUP(Tabela13161718[[#This Row],[DT]],Aprovados!A:A,1,0) -> #N/A | S3: PENDENTE | U3: PENDENTE
K4: PENDENTE | L4: PENDENTE | N4: =Tabela13161718[[#This Row],[Valor_recibo]] -> 0 | P4: =VLOOKUP(Tabela13161718[[#This Row],[DT]],Aprovados!A:A,1,0) -> #N/A | S4: PENDENTE | U4: PENDENTE
K5: PENDENTE | L5: PENDENTE | N5: =Tabela13161718[[#This Row],[Valor_recibo]] -> 0 | P5: =VLOOKUP(Tabela13161718[[#This Row],[DT]],Aprovados!A:A,1,0) -> #N/A | S5: PENDENTE | U5: PENDENTE
K6: PENDENTE | L6: PENDENTE | N6: =Tabela13161718[[#This Row],[Valor_recibo]] -> 0 | P6: =VLOOKUP(Tabela13161718[[#This Row],[DT]],Aprovados!A:A,1,0) -> #N/A | S6: PENDENTE | U6: PENDENTE
K7: PENDENTE | L7: PENDENTE | N7: =Tabela13161718[[#This Row],[Valor_recibo]] -> 0 | P7: =VLOOKUP(Tabela13161718[[#This Row],[DT]],Aprovados!A:A,1,0) -> #N/A | S7: PENDENTE | U7: PENDENTE
K8: PENDENTE | L8: PENDENTE | N8: =Tabela13161718[[#This Row],[Valor_recibo]] -> 0 | P8: =VLOOKUP(Tabela13161718[[#This Row],[DT]],Aprovados!A:A,1,0) -> #N/A | S8: PENDENTE | U8: PENDENTE
K9: PENDENTE | L9: PENDENTE | N9: =Tabela13161718[[#This Row],[Valor_recibo]] -> 0 | P9: =VLOOKUP(Tabela13161718[[#This Row],[DT]],Aprovados!A:A,1,0) -> #N/A | S9: PENDENTE | U9: PENDENTE
K10: PENDENTE | L10: PENDENTE | N10: =Tabela13161718[[#This Row],[Valor_recibo]] -> 0 | P10: =VLOOKUP(Tabela13161718[[#This Row],[DT]],Aprovados!A:A,1,0) -> #N/A | S10: PENDENTE | U10: PENDENTE
K11: PENDENTE | L11: PENDENTE | N11: =Tabela13161718[[#This Row],[Valor_recibo]] -> 0 | P11: =VLOOKUP(Tabela13161718[[#This Row],[DT]],Aprovados!A:A,1,0) -> #N/A | S11: PENDENTE | U11: PENDENTE
K12: PENDENTE | L12: PENDENTE | N12: =Tabela13161718[[#This Row],[Valor_recibo]] -> 0 | P12: =VLOOKUP(Tabela13161718[[#This Row],[DT]],Aprovados!A:A,1,0) -> #N/A | S12: PENDENTE | U12: PENDENTE
K13: PENDENTE | L13: PENDENTE | N13: =Tabela13161718[[#This Row],[Valor_recibo]] -> 0 | P13: =VLOOKUP(Tabela13161718[[#This Row],[DT]],Aprovados!A:A,1,0) -> #N/A | S13: PENDENTE | U13: PENDENTE
K14: PENDENTE | L14: PENDENTE | N14: =Tabela13161718[[#This Row],[Valor_recibo]] -> 0 | P14: =VLOOKUP(Tabela13161718[[#This Row],[DT]],Aprovados!A:A,1,0) -> #N/A | S14: PENDENTE | U14: PENDENTE
... K42: PENDENTE | L42: PENDENTE | N42: =Tabela13161718[[#This Row],[Valor_recibo]] -> 0 | P42: =VLOOKUP(Tabela13161718[[#This Row],[DT]],Aprovados!A:A,1,0) -> #N/A | S42: PENDENTE | U42: PENDENTE
K43: PENDENTE | L43: PENDENTE | N43: =Tabela13161718[[#This Row],[Valor_recibo]] -> 0 | P43: =VLOOKUP(Tabela13161718[[#This Row],[DT]],Aprovados!A:A,1,0) -> #N/A | S43: PENDENTE | U43: PENDENTE | X43: Valor pedagio divergente no espelho dt
K44: PENDENTE | L44: PENDENTE | N44: =Tabela13161718[[#This Row],[Valor_recibo]] -> 0 | P44: =VLOOKUP(Tabela13161718[[#This Row],[DT]],Aprovados!A:A,1,0) -> #N/A | S44: PENDENTE | U44: PENDENTE
K45: PENDENTE | L45: PENDENTE | N45: =Tabela13161718[[#This Row],[Valor_recibo]] -> 0 | P45: =VLOOKUP(Tabela13161718[[#This Row],[DT]],Aprovados!A:A,1,0) -> #N/A | S45: PENDENTE | U45: PENDENTE
K46: PENDENTE | L46: PENDENTE | N46: =Tabela13161718[[#This Row],[Valor_recibo]] -> 0 | P46: =VLOOKUP(Tabela13161718[[#This Row],[DT]],Aprovados!A:A,1,0) -> #N/A | S46: PENDENTE | U46: PENDENTE
K47: PENDENTE | L47: PENDENTE | N47: =Tabela13161718[[#This Row],[Valor_recibo]] -> 0 | P47: =VLOOKUP(Tabela13161718[[#This Row],[DT]],Aprovados!A:A,1,0) -> #N/A | S47: PENDENTE | U47: PENDENTE
K48: PENDENTE | L48: PENDENTE | N48: =Tabela13161718[[#This Row],[Valor_recibo]] -> 0 | P48: =VLOOKUP(Tabela13161718[[#This Row],[DT]],Aprovados!A:A,1,0) -> #N/A | S48: PENDENTE | U48: PENDENTE
K49: PENDENTE | L49: PENDENTE | N49: =Tabela13161718[[#This Row],[Valor_recibo]] -> 0 | P49: =VLOOKUP(Tabela13161718[[#This Row],[DT]],Aprovados!A:A,1,0) -> #N/A | S49: PENDENTE | U49: PENDENTE
K50: PENDENTE | L50: PENDENTE | N50: =Tabela13161718[[#This Row],[Valor_recibo]] -> 0 | P50: =VLOOKUP(Tabela13161718[[#This Row],[DT]],Aprovados!A:A,1,0) -> #N/A | S50: PENDENTE | U50: PENDENTE
K51: PENDENTE | L51: PENDENTE | N51: =Tabela13161718[[#This Row],[Valor_recibo]] -> 0 | P51: =VLOOKUP(Tabela13161718[[#This Row],[DT]],Aprovados!A:A,1,0) -> #N/A | S51: PENDENTE | U51: PENDENTE
K52: PENDENTE | L52: PENDENTE | N52: =Tabela13161718[[#This Row],[Valor_recibo]] -> 0 | P52: =VLOOKUP(Tabela13161718[[#This Row],[DT]],Aprovados!A:A,1,0) -> #N/A | S52: PENDENTE | U52: PENDENTE
K53: PENDENTE | L53: PENDENTE | N53: =Tabela13161718[[#This Row],[Valor_recibo]] -> 0 | P53: =VLOOKUP(Tabela13161718[[#This Row],[DT]],Aprovados!A:A,1,0) -> #N/A | S53: PENDENTE | U53: PENDENTE
K54: PENDENTE | L54: PENDENTE | N54: =Tabela13161718[[#This Row],[Valor_recibo]] -> 0 | P54: =VLOOKUP(Tabela13161718[[#This Row],[DT]],Aprovados!A:A,1,0) -> #N/A | S54: PENDENTE | U54: PENDENTE
K55: PENDENTE | L55: PENDENTE | N55: =Tabela13161718[[#This Row],[Valor_recibo]] -> 0 | P55: =VLOOKUP(Tabela13161718[[#This Row],[DT]],Aprovados!A:A,1,0) -> #N/A | S55: PENDENTE | U55: PENDENTE
... K219: PENDENTE | L219: PENDENTE | N219: =Tabela13161718[[#This Row],[Valor_recibo]] -> 0 | P219: =VLOOKUP(Tabela13161718[[#This Row],[DT]],Aprovados!A:A,1,0) -> #N/A | S219: PENDENTE | U219: PENDENTE
K220: PENDENTE | L220: PENDENTE | N220: =Tabela13161718[[#This Row],[Valor_recibo]] -> 0 | P220: RECUSADO | S220: PENDENTE | U220: PENDENTE
K221: PENDENTE | L221: PENDENTE | N221: =Tabela13161718[[#This Row],[Valor_recibo]] -> 0 | P221: =VLOOKUP(Tabela13161718[[#This Row],[DT]],Aprovados!A:A,1,0) -> #N/A | S221: PENDENTE | U221: PENDENTE
K222: APROVADO | L222: PENDENTE | N222: =Tabela13161718[[#This Row],[Valor_recibo]] -> 0 | P222: =VLOOKUP(Tabela13161718[[#This Row],[DT]],Aprovados!A:A,1,0) -> #N/A | S222: PENDENTE | U222: PENDENTE
K223: PENDENTE | L223: PENDENTE | N223: =Tabela13161718[[#This Row],[Valor_recibo]] -> 0 | P223: =VLOOKUP(Tabela13161718[[#This Row],[DT]],Aprovados!A:A,1,0) -> #N/A | S223: PENDENTE | U223: PENDENTE
K224: PENDENTE | L224: PENDENTE | N224: =Tabela13161718[[#This Row],[Valor_recibo]] -> 0 | P224: =VLOOKUP(Tabela13161718[[#This Row],[DT]],Aprovados!A:A,1,0) -> #N/A | S224: PENDENTE | U224: PENDENTE
K225: APROVADO | L225: PENDENTE | N225: =Tabela13161718[[#This Row],[Valor_recibo]] -> 0 | P225: =VLOOKUP(Tabela13161718[[#This Row],[DT]],Aprovados!A:A,1,0) -> #N/A | S225: PENDENTE | U225: PENDENTE
K226: PENDENTE | L226: PENDENTE | N226: =Tabela13161718[[#This Row],[Valor_recibo]] -> 0 | P226: =VLOOKUP(Tabela13161718[[#This Row],[DT]],Aprovados!A:A,1,0) -> #N/A | S226: PENDENTE | U226: PENDENTE
K227: PENDENTE | L227: PENDENTE | N227: =Tabela13161718[[#This Row],[Valor_recibo]] -> 0 | P227: =VLOOKUP(Tabela13161718[[#This Row],[DT]],Aprovados!A:A,1,0) -> #N/A | S227: PENDENTE | U227: PENDENTE
K228: PENDENTE | L228: PENDENTE | N228: =Tabela13161718[[#This Row],[Valor_recibo]] -> 0 | P228: =VLOOKUP(Tabela13161718[[#This Row],[DT]],Aprovados!A:A,1,0) -> #N/A | S228: PENDENTE | U228: PENDENTE
K229: PENDENTE | L229: PENDENTE | N229: =Tabela13161718[[#This Row],[Valor_recibo]] -> 0 | P229: =VLOOKUP(Tabela13161718[[#This Row],[DT]],Aprovados!A:A,1,0) -> #N/A | S229: PENDENTE | U229: PENDENTE
L230: PENDENTE | N230: =Tabela13161718[[#This Row],[Valor_recibo]] -> 0 | P230: =VLOOKUP(Tabela13161718[[#This Row],[DT]],Aprovados!A:A,1,0) -> #N/A | S230: PENDENTE | U230: PENDENTE
K231: PENDENTE | L231: PENDENTE | N231: =Tabela13161718[[#This Row],[Valor_recibo]] -> 0 | P231: =VLOOKUP(Tabela13161718[[#This Row],[DT]],Aprovados!A:A,1,0) -> #N/A | S231: PENDENTE | U231: PENDENTE
K232: PENDENTE | L232: PENDENTE | N232: =Tabela13161718[[#This Row],[Valor_recibo]] -> 0 | P232: =VLOOKUP(Tabela13161718[[#This Row],[DT]],Aprovados!A:A,1,0) -> #N/A | S232: PENDENTE | U232: PENDENTE
K233: PENDENTE | L233: PENDENTE | N233: =Tabela13161718[[#This Row],[Valor_recibo]] -> 0 | P233: =VLOOKUP(Tabela13161718[[#This Row],[DT]],Aprovados!A:A,1,0) -> #N/A | S233: PENDENTE | U233: PENDENTE
K234: APROVADO | L234: PENDENTE | N234: =Tabela13161718[[#This Row],[Valor_recibo]] -> 0 | P234: =VLOOKUP(Tabela13161718[[#This Row],[DT]],Aprovados!A:A,1,0) -> #N/A | S234: PENDENTE | U234: PENDENTE
K235: PENDENTE | L235: PENDENTE | N235: =Tabela13161718[[#This Row],[Valor_recibo]] -> 0 | P235: =VLOOKUP(Tabela13161718[[#This Row],[DT]],Aprovados!A:A,1,0) -> #N/A | S235: PENDENTE | U235: PENDENTE
K236: PENDENTE | L236: PENDENTE | N236: =Tabela13161718[[#This Row],[Valor_recibo]] -> 0 | P236: =VLOOKUP(Tabela13161718[[#This Row],[DT]],Aprovados!A:A,1,0) -> #N/A | S236: PENDENTE | U236: PENDENTE
K237: PENDENTE | L237: PENDENTE | N237: =Tabela13161718[[#This Row],[Valor_recibo]] -> 0 | P237: =VLOOKUP(Tabela13161718[[#This Row],[DT]],Aprovados!A:A,1,0) -> #N/A | S237: PENDENTE | U237: PENDENTE
K238: PENDENTE | L238: PENDENTE | N238: =Tabela13161718[[#This Row],[Valor_recibo]] -> 0 | P238: =VLOOKUP(Tabela13161718[[#This Row],[DT]],Aprovados!A:A,1,0) -> #N/A | S238: PENDENTE | U238: PENDENTE
K239: PENDENTE | L239: PENDENTE | N239: =Tabela13161718[[#This Row],[Valor_recibo]] -> 0 | P239: RECUSADO | S239: PENDENTE | U239: PENDENTE
K240: APROVADO | L240: PENDENTE | N240: =Tabela13161718[[#This Row],[Valor_recibo]] -> 0 | P240: =VLOOKUP(Tabela13161718[[#This Row],[DT]],Aprovados!A:A,1,0) -> #N/A | S240: PENDENTE | U240: PENDENTE
K241: PENDENTE | L241: PENDENTE | N241: =Tabela13161718[[#This Row],[Valor_recibo]] -> 0 | P241: =VLOOKUP(Tabela13161718[[#This Row],[DT]],Aprovados!A:A,1,0) -> #N/A | S241: PENDENTE | U241: PENDENTE
K242: PENDENTE | L242: PENDENTE | N242: =Tabela13161718[[#This Row],[Valor_recibo]] -> 0 | P242: =VLOOKUP(Tabela13161718[[#This Row],[DT]],Aprovados!A:A,1,0) -> #N/A | S242: PENDENTE | U242: PENDENTE
K243: APROVADO | L243: PENDENTE | N243: =Tabela13161718[[#This Row],[Valor_recibo]] -> 0 | P243: =VLOOKUP(Tabela13161718[[#This Row],[DT]],Aprovados!A:A,1,0) -> #N/A | S243: PENDENTE | U243: PENDENTE
K244: PENDENTE | L244: PENDENTE | N244: =Tabela13161718[[#This Row],[Valor_recibo]] -> 0 | P244: =VLOOKUP(Tabela13161718[[#This Row],[DT]],Aprovados!A:A,1,0) -> #N/A | S244: PENDENTE | U244: PENDENTE
K245: APROVADO | L245: PENDENTE | N245: =Tabela13161718[[#This Row],[Valor_recibo]] -> 0 | P245: =VLOOKUP(Tabela13161718[[#This Row],[DT]],Aprovados!A:A,1,0) -> #N/A | S245: PENDENTE | U245: PENDENTE
K246: APROVADO | L246: PENDENTE | N246: =Tabela13161718[[#This Row],[Valor_recibo]] -> 0 | P246: =VLOOKUP(Tabela13161718[[#This Row],[DT]],Aprovados!A:A,1,0) -> #N/A | S246: PENDENTE | U246: PENDENTE
K247: APROVADO | L247: PENDENTE | N247: =Tabela13161718[[#This Row],[Valor_recibo]] -> 0 | P247: =VLOOKUP(Tabela13161718[[#This Row],[DT]],Aprovados!A:A,1,0) -> #N/A | S247: PENDENTE | U247: PENDENTE
K248: PENDENTE | L248: PENDENTE | N248: =Tabela13161718[[#This Row],[Valor_recibo]] -> 0 | P248: =VLOOKUP(Tabela13161718[[#This Row],[DT]],Aprovados!A:A,1,0) -> #N/A | S248: PENDENTE | U248: PENDENTE
K249: PENDENTE | L249: PENDENTE | N249: =Tabela13161718[[#This Row],[Valor_recibo]] -> 0 | P249: =VLOOKUP(Tabela13161718[[#This Row],[DT]],Aprovados!A:A,1,0) -> #N/A | S249: PENDENTE | U249: PENDENTE
K250: PENDENTE | L250: PENDENTE | N250: =Tabela13161718[[#This Row],[Valor_recibo]] -> 0 | P250: =VLOOKUP(Tabela13161718[[#This Row],[DT]],Aprovados!A:A,1,0) -> #N/A | S250: PENDENTE | U250: PENDENTE
K251: PENDENTE | L251: PENDENTE | N251: =Tabela13161718[[#This Row],[Valor_recibo]] -> 0 | P251: =VLOOKUP(Tabela13161718[[#This Row],[DT]],Aprovados!A:A,1,0) -> #N/A | S251: PENDENTE | U251: PENDENTE
L252: PENDENTE | N252: =Tabela13161718[[#This Row],[Valor_recibo]] -> 0 | P252: =VLOOKUP(Tabela13161718[[#This Row],[DT]],Aprovados!A:A,1,0) -> #N/A | S252: PENDENTE | U252: PENDENTE
L253: PENDENTE | N253: =Tabela13161718[[#This Row],[Valor_recibo]] -> 0 | P253: =VLOOKUP(Tabela13161718[[#This Row],[DT]],Aprovados!A:A,1,0) -> #N/A | S253: PENDENTE | U253: PENDENTE
L254: PENDENTE | N254: =Tabela13161718[[#This Row],[Valor_recibo]] -> 0 | P254: =VLOOKUP(Tabela13161718[[#This Row],[DT]],Aprovados!A:A,1,0) -> #N/A | S254: PENDENTE | U254: PENDENTE
L255: PENDENTE | N255: =Tabela13161718[[#This Row],[Valor_recibo]] -> 0 | P255: =VLOOKUP(Tabela13161718[[#This Row],[DT]],Aprovados!A:A,1,0) -> #N/A | S255: PENDENTE | U255: PENDENTE
L256: PENDENTE | N256: =Tabela13161718[[#This Row],[Valor_recibo]] -> 0 | P256: =VLOOKUP(Tabela13161718[[#This Row],[DT]],Aprovados!A:A,1,0) -> #N/A | S256: PENDENTE | U256: PENDENTE
L257: PENDENTE | N257: =Tabela13161718[[#This Row],[Valor_recibo]] -> 0 | P257: =VLOOKUP(Tabela13161718[[#This Row],[DT]],Aprovados!A:A,1,0) -> #N/A | S257: PENDENTE | U257: PENDENTE
L258: PENDENTE | N258: =Tabela13161718[[#This Row],[Valor_recibo]] -> 0 | P258: =VLOOKUP(Tabela13161718[[#This Row],[DT]],Aprovados!A:A,1,0) -> #N/A | S258: PENDENTE | U258: PENDENTE
L259: PENDENTE | N259: =Tabela13161718[[#This Row],[Valor_recibo]] -> 0 | P259: =VLOOKUP(Tabela13161718[[#This Row],[DT]],Aprovados!A:A,1,0) -> #N/A | S259: PENDENTE | U259: PENDENTE
L260: PENDENTE | N260: =Tabela13161718[[#This Row],[Valor_recibo]] -> 0 | P260: =VLOOKUP(Tabela13161718[[#This Row],[DT]],Aprovados!A:A,1,0) -> #N/A | S260: PENDENTE | U260: PENDENTE
L261: PENDENTE | N261: =Tabela13161718[[#This Row],[Valor_recibo]] -> 0 | P261: =VLOOKUP(Tabela13161718[[#This Row],[DT]],Aprovados!A:A,1,0) -> #N/A | S261: PENDENTE | U261: PENDENTE
L262: PENDENTE | N262: =Tabela13161718[[#This Row],[Valor_recibo]] -> 0 | P262: =VLOOKUP(Tabela13161718[[#This Row],[DT]],Aprovados!A:A,1,0) -> #N/A | S262: PENDENTE | U262: PENDENTE
L263: PENDENTE | N263: =Tabela13161718[[#This Row],[Valor_recibo]] -> 0 | P263: =VLOOKUP(Tabela13161718[[#This Row],[DT]],Aprovados!A:A,1,0) -> #N/A | S263: PENDENTE | U263: PENDENTE
... L574: PENDENTE | N574: =Tabela13161718[[#This Row],[Valor_recibo]] -> 0 | P574: =VLOOKUP(Tabela13161718[[#This Row],[DT]],Aprovados!A:A,1,0) -> #N/A | S574: PENDENTE | U574: PENDENTE
J580: 2W

Sheet ABRIL 2026
K1: =SUBTOTAL(9,Tabela1316171819[Valor_recibo]) -> 0 | N1: =SUBTOTAL(9,Tabela1316171819[Match_Planilha]) -> 0 | O1: =SUBTOTAL(9,O3:O570) -> 0 | R1: =SUBTOTAL(9,R3:R189) -> 0 | S1: PEDAGIO | V1: =SUM(Tabela1316171819[[Valor ]]) -> 0
A2: DT | B2: Data coleta | C2: Cliente/Fornecedor | D2: Motorista | E2: Local | F2: Numero NF | G2: Data canhoto | H2: Data recibo | I2: Valor_recibo | J2: Scaner | K2: APROVAÇÃO_SUZANO | L2: status forms | M2: Data lançamento | N2: Match_Planilha | O2: Dif | P2: DTS APROVADAS | Q2: CTE COMPLEMENTAR | R2: VALOR | S2: STATUS REC CLIENTE | T2: DATA LANÇAMENTO2 | U2: Forms Pedagio | V2: Valor | W2: Data lançamento | X2: obs
K3: PENDENTE | L3: PENDENTE | N3: =Tabela1316171819[[#This Row],[Valor_recibo]] -> 0 | P3: =VLOOKUP(Tabela1316171819[[#This Row],[DT]],Aprovados!A:A,1,0) -> #N/A | U3: PENDENTE
K4: PENDENTE | L4: PENDENTE | N4: =Tabela1316171819[[#This Row],[Valor_recibo]] -> 0 | P4: =VLOOKUP(Tabela1316171819[[#This Row],[DT]],Aprovados!A:A,1,0) -> #N/A | U4: PENDENTE
K5: PENDENTE | L5: PENDENTE | N5: =Tabela1316171819[[#This Row],[Valor_recibo]] -> 0 | P5: =VLOOKUP(Tabela1316171819[[#This Row],[DT]],Aprovados!A:A,1,0) -> #N/A | U5: PENDENTE
K6: PENDENTE | L6: PENDENTE | N6: =Tabela1316171819[[#This Row],[Valor_recibo]] -> 0 | P6: =VLOOKUP(Tabela1316171819[[#This Row],[DT]],Aprovados!A:A,1,0) -> #N/A | U6: PENDENTE
K7: PENDENTE | L7: PENDENTE | N7: =Tabela1316171819[[#This Row],[Valor_recibo]] -> 0 | P7: =VLOOKUP(Tabela1316171819[[#This Row],[DT]],Aprovados!A:A,1,0) -> #N/A | U7: PENDENTE
K8: PENDENTE | L8: PENDENTE | N8: =Tabela1316171819[[#This Row],[Valor_recibo]] -> 0 | P8: =VLOOKUP(Tabela1316171819[[#This Row],[DT]],Aprovados!A:A,1,0) -> #N/A | U8: PENDENTE
K9: PENDENTE | L9: PENDENTE | N9: =Tabela1316171819[[#This Row],[Valor_recibo]] -> 0 | P9: =VLOOKUP(Tabela1316171819[[#This Row],[DT]],Aprovados!A:A,1,0) -> #N/A | U9: PENDENTE
K10: PENDENTE | L10: PENDENTE | N10: =Tabela1316171819[[#This Row],[Valor_recibo]] -> 0 | P10: =VLOOKUP(Tabela1316171819[[#This Row],[DT]],Aprovados!A:A,1,0) -> #N/A | U10: PENDENTE
K11: PENDENTE | L11: PENDENTE | N11: =Tabela1316171819[[#This Row],[Valor_recibo]] -> 0 | P11: =VLOOKUP(Tabela1316171819[[#This Row],[DT]],Aprovados!A:A,1,0) -> #N/A | U11: PENDENTE
K12: PENDENTE | L12: PENDENTE | N12: =Tabela1316171819[[#This Row],[Valor_recibo]] -> 0 | P12: =VLOOKUP(Tabela1316171819[[#This Row],[DT]],Aprovados!A:A,1,0) -> #N/A | U12: PENDENTE
K13: PENDENTE | L13: PENDENTE | N13: =Tabela1316171819[[#This Row],[Valor_recibo]] -> 0 | P13: =VLOOKUP(Tabela1316171819[[#This Row],[DT]],Aprovados!A:A,1,0) -> #N/A | U13: PENDENTE
K14: PENDENTE | L14: PENDENTE | N14: =Tabela1316171819[[#This Row],[Valor_recibo]] -> 0 | P14: =VLOOKUP(Tabela1316171819[[#This Row],[DT]],Aprovados!A:A,1,0) -> #N/A | U14: PENDENTE
... K42: PENDENTE | L42: PENDENTE | N42: =Tabela1316171819[[#This Row],[Valor_recibo]] -> 0 | P42: =VLOOKUP(Tabela1316171819[[#This Row],[DT]],Aprovados!A:A,1,0) -> #N/A | U42: PENDENTE
K43: PENDENTE | L43: PENDENTE | N43: =Tabela1316171819[[#This Row],[Valor_recibo]] -> 0 | P43: =VLOOKUP(Tabela1316171819[[#This Row],[DT]],Aprovados!A:A,1,0) -> #N/A | U43: PENDENTE | X43: Valor pedagio divergente no espelho dt
K44: PENDENTE | L44: PENDENTE | N44: =Tabela1316171819[[#This Row],[Valor_recibo]] -> 0 | P44: =VLOOKUP(Tabela1316171819[[#This Row],[DT]],Aprovados!A:A,1,0) -> #N/A | U44: PENDENTE
K45: PENDENTE | L45: PENDENTE | N45: =Tabela1316171819[[#This Row],[Valor_recibo]] -> 0 | P45: =VLOOKUP(Tabela1316171819[[#This Row],[DT]],Aprovados!A:A,1,0) -> #N/A | U45: PENDENTE
K46: PENDENTE | L46: PENDENTE | N46: =Tabela1316171819[[#This Row],[Valor_recibo]] -> 0 | P46: =VLOOKUP(Tabela1316171819[[#This Row],[DT]],Aprovados!A:A,1,0) -> #N/A | U46: PENDENTE
K47: PENDENTE | L47: PENDENTE | N47: =Tabela1316171819[[#This Row],[Valor_recibo]] -> 0 | P47: =VLOOKUP(Tabela1316171819[[#This Row],[DT]],Aprovados!A:A,1,0) -> #N/A | U47: PENDENTE
K48: PENDENTE | L48: PENDENTE | N48: =Tabela1316171819[[#This Row],[Valor_recibo]] -> 0 | P48: =VLOOKUP(Tabela1316171819[[#This Row],[DT]],Aprovados!A:A,1,0) -> #N/A | U48: PENDENTE
K49: PENDENTE | L49: PENDENTE | N49: =Tabela1316171819[[#This Row],[Valor_recibo]] -> 0 | P49: =VLOOKUP(Tabela1316171819[[#This Row],[DT]],Aprovados!A:A,1,0) -> #N/A | U49: PENDENTE
K50: PENDENTE | L50: PENDENTE | N50: =Tabela1316171819[[#This Row],[Valor_recibo]] -> 0 | P50: =VLOOKUP(Tabela1316171819[[#This Row],[DT]],Aprovados!A:A,1,0) -> #N/A | U50: PENDENTE
K51: PENDENTE | L51: PENDENTE | N51: =Tabela1316171819[[#This Row],[Valor_recibo]] -> 0 | P51: =VLOOKUP(Tabela1316171819[[#This Row],[DT]],Aprovados!A:A,1,0) -> #N/A | U51: PENDENTE
K52: PENDENTE | L52: PENDENTE | N52: =Tabela1316171819[[#This Row],[Valor_recibo]] -> 0 | P52: =VLOOKUP(Tabela1316171819[[#This Row],[DT]],Aprovados!A:A,1,0) -> #N/A | U52: PENDENTE
K53: PENDENTE | L53: PENDENTE | N53: =Tabela1316171819[[#This Row],[Valor_recibo]] -> 0 | P53: =VLOOKUP(Tabela1316171819[[#This Row],[DT]],Aprovados!A:A,1,0) -> #N/A | U53: PENDENTE
K54: PENDENTE | L54: PENDENTE | N54: =Tabela1316171819[[#This Row],[Valor_recibo]] -> 0 | P54: =VLOOKUP(Tabela1316171819[[#This Row],[DT]],Aprovados!A:A,1,0) -> #N/A | U54: PENDENTE
K55: PENDENTE | L55: PENDENTE | N55: =Tabela1316171819[[#This Row],[Valor_recibo]] -> 0 | P55: =VLOOKUP(Tabela1316171819[[#This Row],[DT]],Aprovados!A:A,1,0) -> #N/A | U55: PENDENTE
... K225: PENDENTE | L225: PENDENTE | N225: =Tabela1316171819[[#This Row],[Valor_recibo]] -> 0 | P225: =VLOOKUP(Tabela1316171819[[#This Row],[DT]],Aprovados!A:A,1,0) -> #N/A | U225: PENDENTE
K226: PENDENTE | L226: PENDENTE | P226: =VLOOKUP(Tabela1316171819[[#This Row],[DT]],Aprovados!A:A,1,0) -> #N/A | U226: PENDENTE
K227: PENDENTE | L227: PENDENTE | N227: =Tabela1316171819[[#This Row],[Valor_recibo]] -> 0 | P227: =VLOOKUP(Tabela1316171819[[#This Row],[DT]],Aprovados!A:A,1,0) -> #N/A | U227: PENDENTE
K228: PENDENTE | L228: PENDENTE | N228: =Tabela1316171819[[#This Row],[Valor_recibo]] -> 0 | P228: =VLOOKUP(Tabela1316171819[[#This Row],[DT]],Aprovados!A:A,1,0) -> #N/A | U228: PENDENTE
K229: PENDENTE | L229: PENDENTE | N229: =Tabela1316171819[[#This Row],[Valor_recibo]] -> 0 | P229: =VLOOKUP(Tabela1316171819[[#This Row],[DT]],Aprovados!A:A,1,0) -> #N/A | U229: PENDENTE
K230: PENDENTE | L230: PENDENTE | N230: =Tabela1316171819[[#This Row],[Valor_recibo]] -> 0 | P230: =VLOOKUP(Tabela1316171819[[#This Row],[DT]],Aprovados!A:A,1,0) -> #N/A | U230: PENDENTE
K231: PENDENTE | L231: PENDENTE | N231: =Tabela1316171819[[#This Row],[Valor_recibo]] -> 0 | P231: =VLOOKUP(Tabela1316171819[[#This Row],[DT]],Aprovados!A:A,1,0) -> #N/A | U231: PENDENTE
K232: PENDENTE | L232: PENDENTE | N232: =Tabela1316171819[[#This Row],[Valor_recibo]] -> 0 | P232: =VLOOKUP(Tabela1316171819[[#This Row],[DT]],Aprovados!A:A,1,0) -> #N/A | U232: PENDENTE
K233: PENDENTE | L233: PENDENTE | N233: =Tabela1316171819[[#This Row],[Valor_recibo]] -> 0 | P233: =VLOOKUP(Tabela1316171819[[#This Row],[DT]],Aprovados!A:A,1,0) -> #N/A | U233: PENDENTE
K234: PENDENTE | L234: PENDENTE | N234: =Tabela1316171819[[#This Row],[Valor_recibo]] -> 0 | P234: =VLOOKUP(Tabela1316171819[[#This Row],[DT]],Aprovados!A:A,1,0) -> #N/A | U234: PENDENTE
K235: PENDENTE | L235: PENDENTE | N235: =Tabela1316171819[[#This Row],[Valor_recibo]] -> 0 | P235: =VLOOKUP(Tabela1316171819[[#This Row],[DT]],Aprovados!A:A,1,0) -> #N/A | U235: PENDENTE
K236: PENDENTE | L236: PENDENTE | N236: =Tabela1316171819[[#This Row],[Valor_recibo]] -> 0 | P236: =VLOOKUP(Tabela1316171819[[#This Row],[DT]],Aprovados!A:A,1,0) -> #N/A | U236: PENDENTE
K237: PENDENTE | L237: PENDENTE | N237: =Tabela1316171819[[#This Row],[Valor_recibo]] -> 0 | P237: =VLOOKUP(Tabela1316171819[[#This Row],[DT]],Aprovados!A:A,1,0) -> #N/A | U237: PENDENTE
K238: PENDENTE | L238: PENDENTE | N238: =Tabela1316171819[[#This Row],[Valor_recibo]] -> 0 | P238: =VLOOKUP(Tabela1316171819[[#This Row],[DT]],Aprovados!A:A,1,0) -> #N/A | U238: PENDENTE
... K465: PENDENTE | L465: PENDENTE | N465: =Tabela1316171819[[#This Row],[Valor_recibo]] -> 0 | P465: =VLOOKUP(Tabela1316171819[[#This Row],[DT]],Aprovados!A:A,1,0) -> #N/A | U465: PENDENTE
K466: PENDENTE | L466: PENDENTE | N466: =Tabela1316171819[[#This Row],[Valor_recibo]] -> 0 | P466: =VLOOKUP(Tabela1316171819[[#This Row],[DT]],Aprovados!A:A,1,0) -> #N/A
K467: PENDENTE | L467: PENDENTE | N467: =Tabela1316171819[[#This Row],[Valor_recibo]] -> 0 | P467: =VLOOKUP(Tabela1316171819[[#This Row],[DT]],Aprovados!A:A,1,0) -> #N/A
K468: PENDENTE | L468: PENDENTE | N468: =Tabela1316171819[[#This Row],[Valor_recibo]] -> 0 | P468: =VLOOKUP(Tabela1316171819[[#This Row],[DT]],Aprovados!A:A,1,0) -> #N/A
K469: PENDENTE | L469: PENDENTE | N469: =Tabela1316171819[[#This Row],[Valor_recibo]] -> 0 | P469: =VLOOKUP(Tabela1316171819[[#This Row],[DT]],Aprovados!A:A,1,0) -> #N/A
K470: PENDENTE | L470: PENDENTE | N470: =Tabela1316171819[[#This Row],[Valor_recibo]] -> 0 | P470: =VLOOKUP(Tabela1316171819[[#This Row],[DT]],Aprovados!A:A,1,0) -> #N/A
K471: PENDENTE | L471: PENDENTE | N471: =Tabela1316171819[[#This Row],[Valor_recibo]] -> 0 | P471: =VLOOKUP(Tabela1316171819[[#This Row],[DT]],Aprovados!A:A,1,0) -> #N/A
K472: PENDENTE | L472: PENDENTE | N472: =Tabela1316171819[[#This Row],[Valor_recibo]] -> 0 | P472: =VLOOKUP(Tabela1316171819[[#This Row],[DT]],Aprovados!A:A,1,0) -> #N/A
K473: PENDENTE | L473: PENDENTE | N473: =Tabela1316171819[[#This Row],[Valor_recibo]] -> 0 | P473: =VLOOKUP(Tabela1316171819[[#This Row],[DT]],Aprovados!A:A,1,0) -> #N/A
K474: PENDENTE | L474: PENDENTE | N474: =Tabela1316171819[[#This Row],[Valor_recibo]] -> 0 | P474: =VLOOKUP(Tabela1316171819[[#This Row],[DT]],Aprovados!A:A,1,0) -> #N/A
K475: PENDENTE | L475: PENDENTE | N475: =Tabela1316171819[[#This Row],[Valor_recibo]] -> 0 | P475: =VLOOKUP(Tabela1316171819[[#This Row],[DT]],Aprovados!A:A,1,0) -> #N/A
K476: PENDENTE | L476: PENDENTE | N476: =Tabela1316171819[[#This Row],[Valor_recibo]] -> 0 | P476: =VLOOKUP(Tabela1316171819[[#This Row],[DT]],Aprovados!A:A,1,0) -> #N/A
K477: PENDENTE | L477: PENDENTE | N477: =Tabela1316171819[[#This Row],[Valor_recibo]] -> 0 | P477: =VLOOKUP(Tabela1316171819[[#This Row],[DT]],Aprovados!A:A,1,0) -> #N/A
... K514: PENDENTE | L514: PENDENTE | N514: =Tabela1316171819[[#This Row],[Valor_recibo]] -> 0 | P514: =VLOOKUP(Tabela1316171819[[#This Row],[DT]],Aprovados!A:A,1,0) -> #N/A
N515: =Tabela1316171819[[#This Row],[Valor_recibo]] -> 0 | P515: =VLOOKUP(Tabela1316171819[[#This Row],[DT]],Aprovados!A:A,1,0) -> #N/A
N516: =Tabela1316171819[[#This Row],[Valor_recibo]] -> 0 | P516: =VLOOKUP(Tabela1316171819[[#This Row],[DT]],Aprovados!A:A,1,0) -> #N/A
N517: =Tabela1316171819[[#This Row],[Valor_recibo]] -> 0 | P517: =VLOOKUP(Tabela1316171819[[#This Row],[DT]],Aprovados!A:A,1,0) -> #N/A
N518: =Tabela1316171819[[#This Row],[Valor_recibo]] -> 0 | P518: =VLOOKUP(Tabela1316171819[[#This Row],[DT]],Aprovados!A:A,1,0) -> #N/A
N519: =Tabela1316171819[[#This Row],[Valor_recibo]] -> 0 | P519: =VLOOKUP(Tabela1316171819[[#This Row],[DT]],Aprovados!A:A,1,0) -> #N/A
N520: =Tabela1316171819[[#This Row],[Valor_recibo]] -> 0 | P520: =VLOOKUP(Tabela1316171819[[#This Row],[DT]],Aprovados!A:A,1,0) -> #N/A
N521: =Tabela1316171819[[#This Row],[Valor_recibo]] -> 0 | P521: =VLOOKUP(Tabela1316171819[[#This Row],[DT]],Aprovados!A:A,1,0) -> #N/A
N522: =Tabela1316171819[[#This Row],[Valor_recibo]] -> 0 | P522: =VLOOKUP(Tabela1316171819[[#This Row],[DT]],Aprovados!A:A,1,0) -> #N/A
N523: =Tabela1316171819[[#This Row],[Valor_recibo]] -> 0 | P523: =VLOOKUP(Tabela1316171819[[#This Row],[DT]],Aprovados!A:A,1,0) -> #N/A
N524: =Tabela1316171819[[#This Row],[Valor_recibo]] -> 0 | P524: =VLOOKUP(Tabela1316171819[[#This Row],[DT]],Aprovados!A:A,1,0) -> #N/A
N525: =Tabela1316171819[[#This Row],[Valor_recibo]] -> 0 | P525: =VLOOKUP(Tabela1316171819[[#This Row],[DT]],Aprovados!A:A,1,0) -> #N/A
N526: =Tabela1316171819[[#This Row],[Valor_recibo]] -> 0 | P526: =VLOOKUP(Tabela1316171819[[#This Row],[DT]],Aprovados!A:A,1,0) -> #N/A
... N570: =Tabela1316171819[[#This Row],[Valor_recibo]] -> 0 | P570: =VLOOKUP(Tabela1316171819[[#This Row],[DT]],Aprovados!A:A,1,0) -> #N/A
J576: 2W

Sheet Aprovados
A1: DT CARREGAMENTO

Sheet MAIO 2026
K1: =SUBTOTAL(9,Tabela131617181920[Valor_recibo]) -> 0 | N1: =SUBTOTAL(9,Tabela131617181920[Match_Planilha]) -> 0 | O1: =SUBTOTAL(9,O3:O576) -> 0 | R1: =SUBTOTAL(9,R3:R185) -> 0 | S1: PEDAGIO | V1: =SUM(Tabela131617181920[[Valor ]]) -> 0
A2: DT | B2: Data coleta | C2: Motorista | D2: Cliente/Fornecedor | E2: Local | F2: Numero NF | G2: Data canhoto | H2: Data recibo | I2: Valor_recibo | J2: Scaner | K2: APROVAÇÃO_SUZANO | L2: status forms | M2: Data lançamento | N2: Match_Planilha | O2: Dif | P2: DTS APROVADAS | Q2: CTE COMPLEMENTAR | R2: VALOR | S2: STATUS REC CLIENTE | T2: DATA LANÇAMENTO2 | U2: Forms Pedagio | V2: Valor | W2: Data lançamento | X2: obs
K3: PENDENTE | L3: PENDENTE | P3: =VLOOKUP(Tabela131617181920[[#This Row],[DT]],Aprovados!A:A,1,0) -> #N/A | U3: PENDENTE
K4: PENDENTE | L4: PENDENTE | P4: =VLOOKUP(Tabela131617181920[[#This Row],[DT]],Aprovados!A:A,1,0) -> #N/A | U4: PENDENTE
K5: PENDENTE | L5: PENDENTE | P5: =VLOOKUP(Tabela131617181920[[#This Row],[DT]],Aprovados!A:A,1,0) -> #N/A | U5: PENDENTE
K6: PENDENTE | L6: PENDENTE | P6: =VLOOKUP(Tabela131617181920[[#This Row],[DT]],Aprovados!A:A,1,0) -> #N/A | U6: PENDENTE
K7: PENDENTE | L7: PENDENTE | P7: =VLOOKUP(Tabela131617181920[[#This Row],[DT]],Aprovados!A:A,1,0) -> #N/A | U7: PENDENTE
K8: PENDENTE | L8: PENDENTE | P8: =VLOOKUP(Tabela131617181920[[#This Row],[DT]],Aprovados!A:A,1,0) -> #N/A | U8: PENDENTE
K9: PENDENTE | L9: PENDENTE | P9: =VLOOKUP(Tabela131617181920[[#This Row],[DT]],Aprovados!A:A,1,0) -> #N/A | U9: PENDENTE
K10: PENDENTE | L10: PENDENTE | P10: =VLOOKUP(Tabela131617181920[[#This Row],[DT]],Aprovados!A:A,1,0) -> #N/A | U10: PENDENTE
K11: PENDENTE | L11: PENDENTE | P11: =VLOOKUP(Tabela131617181920[[#This Row],[DT]],Aprovados!A:A,1,0) -> #N/A | U11: PENDENTE
K12: PENDENTE | L12: PENDENTE | P12: =VLOOKUP(Tabela131617181920[[#This Row],[DT]],Aprovados!A:A,1,0) -> #N/A | U12: PENDENTE
K13: PENDENTE | L13: PENDENTE | P13: =VLOOKUP(Tabela131617181920[[#This Row],[DT]],Aprovados!A:A,1,0) -> #N/A | U13: PENDENTE
K14: PENDENTE | L14: PENDENTE | P14: =VLOOKUP(Tabela131617181920[[#This Row],[DT]],Aprovados!A:A,1,0) -> #N/A | U14: PENDENTE
... K42: PENDENTE | L42: PENDENTE | P42: =VLOOKUP(Tabela131617181920[[#This Row],[DT]],Aprovados!A:A,1,0) -> #N/A | U42: PENDENTE
K43: PENDENTE | L43: PENDENTE | P43: =VLOOKUP(Tabela131617181920[[#This Row],[DT]],Aprovados!A:A,1,0) -> #N/A | U43: PENDENTE | X43: Valor pedagio divergente no espelho dt
K44: PENDENTE | L44: PENDENTE | O44: =IFERROR(IF(L44="PENDENTE",-N44,I44-N44),0) -> 0 | P44: RECUSADO | U44: PENDENTE
K45: PENDENTE | L45: PENDENTE | P45: =VLOOKUP(Tabela131617181920[[#This Row],[DT]],Aprovados!A:A,1,0) -> #N/A | U45: PENDENTE
K46: PENDENTE | L46: PENDENTE | P46: =VLOOKUP(Tabela131617181920[[#This Row],[DT]],Aprovados!A:A,1,0) -> #N/A | U46: PENDENTE
K47: PENDENTE | L47: PENDENTE | P47: =VLOOKUP(Tabela131617181920[[#This Row],[DT]],Aprovados!A:A,1,0) -> #N/A | U47: PENDENTE
K48: PENDENTE | L48: PENDENTE | P48: =VLOOKUP(Tabela131617181920[[#This Row],[DT]],Aprovados!A:A,1,0) -> #N/A | U48: PENDENTE
K49: PENDENTE | L49: PENDENTE | P49: =VLOOKUP(Tabela131617181920[[#This Row],[DT]],Aprovados!A:A,1,0) -> #N/A | U49: PENDENTE
K50: PENDENTE | L50: PENDENTE | P50: =VLOOKUP(Tabela131617181920[[#This Row],[DT]],Aprovados!A:A,1,0) -> #N/A | U50: PENDENTE
K51: PENDENTE | L51: PENDENTE | P51: =VLOOKUP(Tabela131617181920[[#This Row],[DT]],Aprovados!A:A,1,0) -> #N/A | U51: PENDENTE
K52: PENDENTE | L52: PENDENTE | P52: =VLOOKUP(Tabela131617181920[[#This Row],[DT]],Aprovados!A:A,1,0) -> #N/A | U52: PENDENTE
K53: PENDENTE | L53: PENDENTE | P53: =VLOOKUP(Tabela131617181920[[#This Row],[DT]],Aprovados!A:A,1,0) -> #N/A | U53: PENDENTE
K54: PENDENTE | L54: PENDENTE | P54: =VLOOKUP(Tabela131617181920[[#This Row],[DT]],Aprovados!A:A,1,0) -> #N/A | U54: PENDENTE
K55: PENDENTE | L55: PENDENTE | P55: =VLOOKUP(Tabela131617181920[[#This Row],[DT]],Aprovados!A:A,1,0) -> #N/A | U55: PENDENTE
K56: PENDENTE | L56: PENDENTE | P56: =VLOOKUP(Tabela131617181920[[#This Row],[DT]],Aprovados!A:A,1,0) -> #N/A | U56: PENDENTE
... K130: PENDENTE | L130: PENDENTE | P130: =VLOOKUP(Tabela131617181920[[#This Row],[DT]],Aprovados!A:A,1,0) -> #N/A | U130: PENDENTE
K131: PENDENTE | L131: PENDENTE | P131: RECUSADO | U131: PENDENTE
K132: PENDENTE | L132: PENDENTE | P132: =VLOOKUP(Tabela131617181920[[#This Row],[DT]],Aprovados!A:A,1,0) -> #N/A | U132: PENDENTE
K133: PENDENTE | L133: PENDENTE | P133: =VLOOKUP(Tabela131617181920[[#This Row],[DT]],Aprovados!A:A,1,0) -> #N/A | U133: PENDENTE
K134: PENDENTE | L134: PENDENTE | P134: =VLOOKUP(Tabela131617181920[[#This Row],[DT]],Aprovados!A:A,1,0) -> #N/A | U134: PENDENTE
K135: PENDENTE | L135: PENDENTE | P135: =VLOOKUP(Tabela131617181920[[#This Row],[DT]],Aprovados!A:A,1,0) -> #N/A | U135: PENDENTE
K136: PENDENTE | L136: PENDENTE | P136: =VLOOKUP(Tabela131617181920[[#This Row],[DT]],Aprovados!A:A,1,0) -> #N/A | U136: PENDENTE
K137: PENDENTE | L137: PENDENTE | P137: =VLOOKUP(Tabela131617181920[[#This Row],[DT]],Aprovados!A:A,1,0) -> #N/A | U137: PENDENTE
K138: PENDENTE | L138: PENDENTE | P138: =VLOOKUP(Tabela131617181920[[#This Row],[DT]],Aprovados!A:A,1,0) -> #N/A | U138: PENDENTE
K139: PENDENTE | L139: PENDENTE | P139: =VLOOKUP(Tabela131617181920[[#This Row],[DT]],Aprovados!A:A,1,0) -> #N/A | U139: PENDENTE
K140: PENDENTE | L140: PENDENTE | P140: =VLOOKUP(Tabela131617181920[[#This Row],[DT]],Aprovados!A:A,1,0) -> #N/A | U140: PENDENTE
K141: PENDENTE | L141: PENDENTE | P141: =VLOOKUP(Tabela131617181920[[#This Row],[DT]],Aprovados!A:A,1,0) -> #N/A | U141: PENDENTE
K142: PENDENTE | L142: PENDENTE | P142: =VLOOKUP(Tabela131617181920[[#This Row],[DT]],Aprovados!A:A,1,0) -> #N/A | U142: PENDENTE
K143: PENDENTE | L143: PENDENTE | P143: =VLOOKUP(Tabela131617181920[[#This Row],[DT]],Aprovados!A:A,1,0) -> #N/A | U143: PENDENTE
... K195: PENDENTE | L195: PENDENTE | P195: =VLOOKUP(Tabela131617181920[[#This Row],[DT]],Aprovados!A:A,1,0) -> #N/A | U195: PENDENTE
L196: PENDENTE | U196: PENDENTE
L197: PENDENTE | U197: PENDENTE
L198: PENDENTE | U198: PENDENTE
L199: PENDENTE | U199: PENDENTE
L200: PENDENTE | U200: PENDENTE
L201: PENDENTE | U201: PENDENTE
L202: PENDENTE | U202: PENDENTE
L203: PENDENTE | U203: PENDENTE
L204: PENDENTE | U204: PENDENTE
L205: PENDENTE | U205: PENDENTE
L206: PENDENTE | U206: PENDENTE
L207: PENDENTE | U207: PENDENTE
... L253: PENDENTE | U253: PENDENTE
L254: PENDENTE | N254: =Tabela131617181920[[#This Row],[Valor_recibo]] -> 0 | U254: PENDENTE
L255: PENDENTE | N255: =Tabela131617181920[[#This Row],[Valor_recibo]] -> 0 | U255: PENDENTE
L256: PENDENTE | N256: =Tabela131617181920[[#This Row],[Valor_recibo]] -> 0 | U256: PENDENTE
L257: PENDENTE | N257: =Tabela131617181920[[#This Row],[Valor_recibo]] -> 0 | U257: PENDENTE
L258: PENDENTE | N258: =Tabela131617181920[[#This Row],[Valor_recibo]] -> 0 | U258: PENDENTE
L259: PENDENTE | N259: =Tabela131617181920[[#This Row],[Valor_recibo]] -> 0 | U259: PENDENTE
L260: PENDENTE | N260: =Tabela131617181920[[#This Row],[Valor_recibo]] -> 0 | U260: PENDENTE
L261: PENDENTE | N261: =Tabela131617181920[[#This Row],[Valor_recibo]] -> 0 | U261: PENDENTE
L262: PENDENTE | N262: =Tabela131617181920[[#This Row],[Valor_recibo]] -> 0 | U262: PENDENTE
L263: PENDENTE | N263: =Tabela131617181920[[#This Row],[Valor_recibo]] -> 0 | U263: PENDENTE
L264: PENDENTE | N264: =Tabela131617181920[[#This Row],[Valor_recibo]] -> 0 | U264: PENDENTE
L265: PENDENTE | N265: =Tabela131617181920[[#This Row],[Valor_recibo]] -> 0 | U265: PENDENTE
... L576: PENDENTE | N576: =Tabela131617181920[[#This Row],[Valor_recibo]] -> 0 | U576: PENDENTE
J582: 2W

Sheet Analise
C2: Mês | D2: 46023 | E2: 46054 | F2: 46082 | G2: 46113 | H2: 46143 | I2: 46174 | J2: 46204 | K2: 46266 | P2: R$ Total | Q2: % Evolução | R2: RESPONSABILIDADE
C3: Total de comprovantes | D3: ='JANEIRO 2026'!L1 -> 0 | E3: ='FEVEREIRO 2026'!N1 -> 0 | F3: ='MARÇO 2026'!N1 -> 0 | G3: ='ABRIL 2026'!N1 -> 0 | H3: ='MAIO 2026'!N1 -> 0 | Q3: =P5/P3 -> #DIV/0!
C4: Pendente - AG APROV | D4: =SUMIF(Tabela1316[APROVAÇÃO_SUZANO],Analise!B9,Tabela1316[Valor_recibo]) -> 33659.73 | E4: =SUMIF(Tabela131617[APROVAÇÃO_SUZANO],Analise!B9,Tabela131617[Valor_recibo]) -> 0 | F4: =SUMIF(Tabela13161718[APROVAÇÃO_SUZANO],Analise!B9,Tabela13161718[Valor_recibo]) -> 0 | G4: =SUMIF(Tabela1316171819[APROVAÇÃO_SUZANO],Analise!B9,Tabela1316171819[Valor_recibo]) -> 0 | H4: =SUMIF(Tabela131617181920[APROVAÇÃO_SUZANO],Analise!B9,Tabela131617181920[Valor_recibo]) -> 0 | Q4: =P4/P3 -> #DIV/0! | R4: OPERAÇÃO
C5: Lançados - Pagos | D5: =D3-D4 -> -33659.73 | E5: =E3-E4 -> 0 | F5: =F3-F4 -> 0 | G5: =G3-G4 -> 0 | H5: =H3-H4 -> 0 | S5: =P5-P7 -> 0
B6: Pendente | C6: Aguardando validação | D6: =D5-D3 -> -33659.73 | E6: =E5-E3 -> 0 | F6: =F5-F3 -> 0 | G6: =G5-G3 -> 0 | H6: =H5-H7 -> 0 | R6: CLIENTE
B7: aprovado | C7: Validado Suzano (C/IMPOSTO) / EMITIDO | P7: =SUM(D7:N7) -> 0 | Q7: =P7/P5 -> #DIV/0! | S7: =P7 -> 0
B8: Lançado | C8: Qtde Total lançadas | D8: =COUNTIF(Tabela1345[status forms],Analise!#REF!) -> 0 | E8: =COUNTIF(Tabela1345[Data lançamento],Analise!#REF!) -> 0 | F8: =COUNTIF(Tabela1345[Match_Planilha],Analise!#REF!) -> 0 | G8: =COUNTIF(Tabela1345[Dif],Analise!#REF!) -> 0 | H8: =COUNTIF(Tabela1345[status forms],Analise!B8) -> 0 | I8: =COUNTIF(Tabela13456[status forms],Analise!B8) -> 0 | J8: 0 | K8: =COUNTIF(Tabela1389[status forms],Analise!B8) -> 0 | L8: =COUNTIF(Tabela138910[status forms],Analise!B8) -> 0 | M8: =COUNTIF(Tabela13891011[status forms],Analise!B8) -> 1 | N8: =COUNTIF(Tabela1389101112[status forms],Analise!B8) -> 0 | P8: =SUM(E8:H8) -> 0
B9: Pendente | C9: Qtde pendente | D9: =COUNTIF(Tabela1345[status forms],Analise!#REF!) -> 0 | E9: =COUNTIF(Tabela13456[status forms],Analise!#REF!) -> 0 | F9: =COUNTIF(Tabela13456[Data lançamento],Analise!#REF!) -> 0 | G9: =COUNTIF(Tabela13456[Match_Planilha],Analise!#REF!) -> 0 | H9: =COUNTIF(Tabela1345[status forms],Analise!B9) -> 0 | I9: =COUNTIF(Tabela13456[status forms],Analise!B9) -> 0 | J9: 0 | K9: 0 | L9: 0 | M9: 0 | N9: 0 | P9: =SUM(E9:H9) -> 0 | Q9: =P8/P9 -> #DIV/0! | S9: =P4 -> 0
J11: COMPLEMENTAR | N11: TOTAL LANÇADOS | O11: C/IMPOSTO
J12: ABRIL | K12: MAIO | L12: JUNHO | M12: JULHO
I13: =SUM(H6,F6,E6,D6) -> -33659.73 | J13: =#REF! -> #REF! | K13: ='JANEIRO 2026'!T1 -> 0 | L13: ='FEVEREIRO 2026'!R1 -> 0 | M13: ='MARÇO 2026'!R1 -> 0 | N13: =SUM(J13:M13) -> #REF! | O13: =N13/0.88 -> #REF!
C14: Total de comprovantes | D14: =P3 -> 0 | I14: =SUM(D4:I4) -> 33659.73 | J14: Pendente
C15: Pendente | D15: =P4 -> 0 | I15: =SUM(G6,I6,J6,K6) -> 0 | J15: Credito
C16: Lançados | D16: =P5 -> 0 | I16: =88447.7 -> 88447.7 | J16: Pendente se abatermos no valor do credito
C17: Validado suzanlog | D17: =P7 -> 0
